Player,Age,Tm,Pos,GP,TOI,G,A,+/-,S,PIM,BLK,HIT,PtScore,DefScore,ShotScore,FloStrength,Value,SV,SA,yearID
A.J. Greer,27,CGY,W,59,521,6,6,-7,57,35,24,100,-0.84,0.65,-0.6,-0.801,-1.52,0,0,2024
Adam Beckman,22,MIN,W,11,103,0,2,-2,10,12,3,13,-1.14,0.53,-0.97,-1.126,-0.4,0,0,2024
Adam Edstrom,23,NYR,C,11,93,2,0,2,7,2,2,30,-0.71,1.87,-0.65,-0.718,-0.25,0,0,2024
Adam Erne,28,EDM,W,24,188,1,1,0,13,9,5,68,-1.28,1.32,-0.92,-1.22,-0.94,0,0,2024
Adam Fantilli,19,CBJ,C,49,770,12,15,-21,115,16,25,63,0.25,-1.7,-0.31,0.106,0.17,0,0,2024
Adam Henrique,33,EDM,C,82,1382,24,27,9,140,37,78,99,0.51,-0.32,1.1,0.685,1.81,0,0,2024
Adam Lowry,30,WPG,W,81,1304,12,23,17,119,57,65,181,-0.17,0.53,-0.27,-0.202,-0.53,0,0,2024
Adam Ružička,24,ARI,C,42,421,3,6,-9,35,12,16,11,-0.89,0.17,-0.81,-0.892,-1.21,0,0,2024
Adrian Kempe,27,LAK,W,77,1458,28,47,13,246,72,32,112,1.67,-1.02,0.87,1.504,3.74,0,0,2024
Aleksander Barkov,28,FLA,C,73,1433,23,57,33,193,24,50,104,1.62,-0.14,0.42,1.347,3.17,0,0,2024
Alex Barré-Boulet,26,TBL,W,36,403,6,3,-9,46,10,8,26,-0.57,-0.16,-0.52,-0.571,-0.66,0,0,2024
Alex DeBrincat,26,DET,W,82,1467,27,40,1,237,34,35,66,1.2,-0.61,0.81,1.133,3,0,0,2024
Alex Iafallo,30,WPG,C,82,1256,11,16,14,120,6,67,43,-0.49,0.58,-0.44,-0.491,-1.3,0,0,2024
Alex Killorn,34,ANA,C,63,1180,18,18,-15,145,54,25,72,0.39,-0.62,0.17,0.34,0.69,0,0,2024
Alex Laferriere,22,LAK,W,81,1071,12,11,-14,147,46,27,113,-0.53,-0.47,-0.4,-0.512,-1.34,0,0,2024
Alex Newhook,23,MTL,C,55,931,15,19,-11,85,18,31,36,0.46,-0.98,0.37,0.451,0.8,0,0,2024
Alex Ovechkin,38,WSH,W,79,1518,31,34,-22,272,20,27,162,1.37,-2.45,1.07,1.331,3.39,0,0,2024
Alex Tuch,27,BUF,W,75,1463,22,37,9,192,54,82,72,1.04,-0.61,0.49,0.925,2.24,0,0,2024
Alex Turcotte,22,LAK,C,20,186,1,3,5,14,6,10,7,-0.97,1.98,-0.9,-0.977,-0.63,0,0,2024
Alexander Barabanov,29,SJS,W,46,730,4,9,-24,67,12,15,27,-0.68,-0.23,-0.83,-0.742,-1.1,0,0,2024
Alexander Holtz,22,NJD,W,82,954,16,12,-15,122,14,17,44,-0.28,-0.05,0.25,-0.146,-0.39,0,0,2024
Alexander Kerfoot,29,ARI,C,82,1430,13,32,-15,103,26,76,73,0.05,-0.6,-0.12,0.007,0.02,0,0,2024
Alexander Nylander,25,PIT,W,28,455,11,4,-1,72,6,12,12,0.67,-1.04,0,0.515,0.46,0,0,2024
Alexander Wennberg,29,NYR,C,79,1421,10,20,0,90,14,75,46,-0.4,0.46,-0.38,-0.404,-1.03,0,0,2024
Alexandre Texier,24,CBJ,C,78,1184,12,18,-5,109,38,36,57,-0.32,0.65,-0.28,-0.322,-0.81,0,0,2024
Alexey Toropchenko,24,STL,W,82,1027,14,7,-3,114,30,55,165,-0.54,0.74,0.03,-0.408,-1.08,0,0,2024
Alexis Lafrenière,22,NYR,W,82,1416,28,29,2,217,40,21,73,0.94,-1.04,1.12,1.012,2.68,0,0,2024
Aliaksei Protas,23,WSH,C,78,1072,6,23,-3,113,8,49,34,-0.53,0.95,-0.78,-0.607,-1.53,0,0,2024
Anders Lee,33,NYI,W,81,1261,20,17,2,185,68,54,176,0.13,0.12,0.28,0.173,0.45,0,0,2024
Andreas Athanasiou,29,CHI,C,28,367,2,7,-7,44,7,21,11,-0.65,0.6,-0.89,-0.731,-0.66,0,0,2024
Andrei Kuzmenko,27,CGY,W,72,1072,22,24,-9,121,12,17,14,0.71,-0.82,1.34,0.902,2.09,0,0,2024
Andrei Svechnikov,23,CAR,W,59,1002,19,33,13,144,58,22,142,1.34,-0.55,0.48,1.151,2.19,0,0,2024
Andrew Cogliano,36,COL,W,75,796,6,13,11,61,16,40,33,-0.77,1.3,-0.63,-0.755,-1.83,0,0,2024
Andrew Copp,29,DET,C,79,1286,13,20,-2,109,26,51,33,-0.23,0.6,-0.17,-0.217,-0.55,0,0,2024
Andrew Mangiapane,27,CGY,W,75,1200,14,26,7,122,47,33,89,0.17,0.67,-0.04,0.117,0.28,0,0,2024
André Burakovsky,28,SEA,W,49,714,7,9,-15,92,14,14,13,-0.44,-0.77,-0.66,-0.512,-0.81,0,0,2024
Angus Crookshank,24,OTT,W,13,131,2,1,-3,20,4,8,20,-0.65,-0,-0.85,-0.72,-0.3,0,0,2024
Anthony Beauvillier,26,NSH,W,60,815,5,12,-8,105,8,35,53,-0.69,-0.01,-0.83,-0.747,-1.45,0,0,2024
Anthony Cirelli,26,TBL,C,79,1463,20,25,2,129,38,75,64,0.31,0.14,0.6,0.395,1.01,0,0,2024
Anthony Duclair,28,TBL,W,73,1151,24,18,-8,129,34,35,49,0.62,-0.51,1.61,0.899,2.12,0,0,2024
Anthony Mantha,29,VEG,W,74,1053,23,21,11,113,25,31,55,0.62,0.3,1.74,0.934,2.23,0,0,2024
Anthony Richard,27,BOS,C,9,95,1,2,0,6,2,5,25,-0.53,0.18,-0.85,-0.634,-0.18,0,0,2024
Anton Lundell,22,FLA,C,78,1199,13,22,19,166,46,40,61,-0.15,0.79,-0.43,-0.231,-0.58,0,0,2024
Anže Kopitar,36,LAK,C,81,1592,26,44,11,133,22,65,37,1.12,-0.69,1.58,1.272,3.32,0,0,2024
Artemi Panarin,32,NYR,W,82,1650,49,71,18,303,24,15,18,3.43,-2.97,3.61,3.573,9.45,0,0,2024
Arthur Kaliyev,22,LAK,W,51,602,7,8,-3,101,14,14,33,-0.53,0.1,-0.69,-0.59,-0.97,0,0,2024
Artturi Lehkonen,28,COL,W,45,831,16,18,11,103,14,18,49,1.12,-0.09,0.47,0.977,1.42,0,0,2024
Austin Czarnik,31,DET,C,34,287,0,1,-3,24,12,16,19,-1.46,1.53,-0.93,-1.361,-1.49,0,0,2024
Austin Watson,32,TBL,W,33,240,2,2,2,17,93,20,85,-1.14,1.27,-0.83,-1.09,-1.16,0,0,2024
Auston Matthews,26,TOR,C,81,1698,69,38,31,369,20,93,90,3.32,-1.58,5.45,3.98,10.4,0,0,2024
Axel Jonsson-Fjällby,25,WPG,W,26,211,2,3,6,23,0,7,30,-0.93,1.29,-0.87,-0.938,-0.79,0,0,2024
Barclay Goodrow,30,NYR,W,80,1005,4,8,-13,61,78,86,170,-1.1,0.36,-0.82,-1.052,-2.72,0,0,2024
Barrett Hayton,23,ARI,C,33,561,3,7,-13,66,26,15,17,-0.65,-0.84,-0.87,-0.724,-0.77,0,0,2024
Beck Malenstyn,25,WSH,W,81,1154,6,15,-1,98,25,93,241,-0.77,1.35,-0.76,-0.789,-2.06,0,0,2024
Ben Meyers,25,COL,W,23,233,1,2,-4,12,6,3,34,-1.16,0.15,-0.92,-1.128,-0.84,0,0,2024
Benoit-Olivier Groulx,23,ANA,C,45,548,0,2,-9,32,22,30,101,-1.43,0.98,-0.93,-1.335,-1.94,0,0,2024
Blake Coleman,32,CGY,C,78,1336,30,24,19,191,76,57,128,0.88,0.59,1.4,1.039,2.61,0,0,2024
Blake Lizotte,26,LAK,C,62,733,7,8,11,76,20,28,64,-0.73,1.41,-0.62,-0.723,-1.45,0,0,2024
Blake Wheeler,37,NYR,W,54,687,9,12,2,83,23,31,31,-0.23,0.49,-0.4,-0.284,-0.49,0,0,2024
Bo Horvat,28,NYI,C,81,1595,33,35,-1,248,39,42,61,1.26,-1.27,1.24,1.286,3.36,0,0,2024
Bobby Brink,22,PHI,W,57,786,11,12,1,81,10,24,36,-0.13,0.31,-0.1,-0.129,-0.24,0,0,2024
Bobby McMann,27,TOR,W,56,647,15,9,13,118,52,18,117,0.11,0.89,0.13,0.12,0.22,0,0,2024
Boone Jenner,30,CBJ,C,58,1166,22,13,-8,155,28,74,119,0.67,-0.76,0.61,0.67,1.25,0,0,2024
Boris Katchouk,25,OTT,W,59,677,7,6,-6,70,12,14,82,-0.76,0.75,-0.56,-0.728,-1.38,0,0,2024
Brad Marchand,35,BOS,W,82,1566,29,38,2,207,78,35,115,1.26,-1.58,1.38,1.33,3.52,0,0,2024
Brady Tkachuk,24,OTT,W,81,1551,37,37,1,357,134,34,294,1.75,-1.24,1.25,1.664,4.35,0,0,2024
Brandon Duhaime,26,COL,W,80,869,5,8,-5,92,70,37,208,-1.04,0.56,-0.81,-1.004,-2.59,0,0,2024
Brandon Hagel,25,TBL,W,82,1579,26,49,1,184,79,45,55,1.41,-0.65,1.16,1.383,3.66,0,0,2024
Brandon Saad,31,STL,W,82,1271,26,16,-4,144,20,16,17,0.43,-0.46,1.75,0.795,2.1,0,0,2024
Brandon Tanev,32,SEA,W,66,963,7,9,2,73,51,62,148,-0.74,1.14,-0.58,-0.714,-1.52,0,0,2024
Brayden Point,27,TBL,C,81,1623,46,44,-16,227,14,44,16,2.22,-1.86,3.68,2.669,6.97,0,0,2024
Brayden Schenn,32,STL,C,82,1458,20,26,-22,170,56,51,169,0.27,-1.39,0.23,0.266,0.7,0,0,2024
Brendan Brisson,22,VEG,C,15,185,2,6,-5,20,2,4,13,-0.04,-1.11,-0.83,-0.252,-0.12,0,0,2024
Brendan Gallagher,31,MTL,W,77,1062,16,15,-24,154,74,35,63,-0.1,-1.03,-0.01,-0.077,-0.19,0,0,2024
Brendan Gaunce,29,CBJ,C,24,282,2,2,-7,24,6,8,49,-0.97,0.26,-0.85,-0.964,-0.75,0,0,2024
Brendan Lemieux,27,CAR,W,32,256,3,2,0,29,64,6,71,-0.97,1.35,-0.79,-0.952,-0.98,0,0,2024
Brett Howden,25,VEG,C,72,952,8,11,-11,76,39,51,86,-0.69,0.2,-0.52,-0.663,-1.54,0,0,2024
Brett Leason,24,ANA,W,68,885,11,11,-7,91,14,65,80,-0.4,0.48,-0.2,-0.36,-0.79,0,0,2024
Brock Boeser,26,VAN,W,81,1507,40,33,23,204,14,29,56,1.81,-1.08,3.57,2.328,6.08,0,0,2024
Brock McGinn,29,ANA,W,24,266,1,2,-5,24,4,11,37,-1.18,0.69,-0.94,-1.148,-0.89,0,0,2024
Brock Nelson,32,NYI,C,82,1483,34,35,-5,250,28,47,38,1.28,-1.52,1.35,1.332,3.52,0,0,2024
Bryan Rust,31,PIT,W,62,1214,28,28,10,196,20,51,47,1.71,-1.13,1.34,1.661,3.32,0,0,2024
Byron Froese,32,VEG,C,16,171,0,1,-2,17,4,8,22,-1.39,0.94,-0.93,-1.305,-0.67,0,0,2024
Cal Clutterbuck,36,NYI,W,82,974,7,12,4,59,32,55,273,-0.81,1.22,-0.49,-0.748,-1.98,0,0,2024
Calle Järnkrok,32,TOR,C,52,793,10,11,16,92,18,13,55,-0.2,1.39,-0.4,-0.255,-0.43,0,0,2024
Cam Atkinson,34,PHI,W,70,1116,13,15,-22,175,27,46,35,-0.16,-1.27,-0.41,-0.23,-0.52,0,0,2024
Carl Grundström,26,LAK,W,50,547,8,4,-2,95,12,16,115,-0.61,0.28,-0.58,-0.619,-1,0,0,2024
Carson Meyer,26,CBJ,W,14,128,1,1,-2,10,2,2,37,-1.06,1.02,-0.91,-1.051,-0.47,0,0,2024
Carter Verhaeghe,28,FLA,C,76,1365,34,38,17,246,36,20,63,1.59,-1.23,1.39,1.577,3.87,0,0,2024
Casey Cizikas,32,NYI,C,70,976,10,13,-2,82,22,71,135,-0.47,0.48,-0.33,-0.449,-1.01,0,0,2024
Casey Mittelstadt,25,COL,C,80,1418,18,39,10,127,32,31,25,0.57,-0.18,0.33,0.518,1.34,0,0,2024
Chandler Stephenson,29,VEG,C,75,1386,16,35,-9,97,25,40,43,0.47,-0.71,0.37,0.454,1.1,0,0,2024
Charlie Coyle,31,BOS,C,82,1481,25,35,-2,147,38,60,131,0.79,-1.33,1.17,0.91,2.41,0,0,2024
Chris Kreider,32,NYR,W,82,1540,39,36,19,246,26,20,99,1.8,-0.86,2.61,2.063,5.46,0,0,2024
Chris Tierney,29,NJD,C,52,469,4,8,3,26,21,12,20,-0.84,1.1,-0.63,-0.807,-1.35,0,0,2024
Chris Wagner,32,COL,C,13,97,1,1,3,16,9,5,30,-1.01,1.84,-0.9,-1.011,-0.42,0,0,2024
Christian Dvorak,27,MTL,C,30,466,5,4,-5,35,4,19,16,-0.49,-0.01,-0.58,-0.524,-0.51,0,0,2024
Christian Fischer,26,DET,W,79,901,5,14,0,86,36,32,138,-0.84,1.32,-0.8,-0.856,-2.18,0,0,2024
Claude Giroux,36,OTT,C,82,1648,21,43,-14,183,26,30,40,0.79,-1.11,0.26,0.667,1.77,0,0,2024
Clayton Keller,25,ARI,C,78,1501,33,43,-20,228,32,30,20,1.59,-2.41,1.43,1.592,4.01,0,0,2024
Cody Glass,24,NSH,C,41,551,6,7,-9,82,20,20,31,-0.49,-0.58,-0.72,-0.566,-0.75,0,0,2024
Cole Caufield,23,MTL,W,82,1592,28,37,-4,314,16,22,56,1.17,-1.02,0.48,1.021,2.7,0,0,2024
Cole Guttman,24,CHI,C,27,341,4,4,-17,50,7,14,11,-0.53,-0.79,-0.78,-0.614,-0.53,0,0,2024
Cole Koepke,25,TBL,W,9,60,0,2,0,9,0,1,23,-1.04,1,-0.97,-1.051,-0.31,0,0,2024
Cole Perfetti,22,WPG,C,71,965,19,19,13,142,12,23,26,0.27,-0.05,0.32,0.288,0.66,0,0,2024
Cole Sillinger,20,CBJ,C,77,1241,13,19,-4,157,46,74,119,-0.22,0.6,-0.4,-0.276,-0.69,0,0,2024
Cole Smith,28,NSH,W,80,1095,9,14,5,112,63,32,235,-0.61,0.9,-0.55,-0.611,-1.58,0,0,2024
Colin Blackwell,30,CHI,C,44,638,8,4,-2,88,10,22,45,-0.51,1.19,-0.57,-0.543,-0.77,0,0,2024
Colin White,27,PIT,C,28,267,0,0,-5,16,4,12,22,-1.53,0.62,-0.93,-1.411,-1.27,0,0,2024
Colton Sissons,30,NSH,C,81,1342,15,20,-6,131,38,57,137,-0.15,-0.25,-0.08,-0.136,-0.36,0,0,2024
Connor Bedard,18,CHI,C,68,1345,22,39,-44,206,28,27,54,1.2,-2.18,0.23,0.972,2.13,0,0,2024
Connor Brown,30,EDM,W,71,909,4,8,-8,108,10,24,32,-1.03,0.33,-0.88,-1.023,-2.34,0,0,2024
Connor Dewar,24,TOR,C,74,862,11,8,-8,77,28,38,123,-0.62,0.06,-0.16,-0.515,-1.23,0,0,2024
Connor McDavid,27,EDM,C,76,1623,32,100,35,263,30,39,118,3.29,-1.83,0.99,2.768,6.79,0,0,2024
Connor McMichael,23,WSH,C,80,1279,18,15,-20,135,34,39,45,-0.1,-0.57,0.25,-0.012,-0.03,0,0,2024
Connor Zary,22,CGY,C,63,962,14,20,12,90,22,29,29,0.17,1.02,0.14,0.17,0.35,0,0,2024
Conor Garland,27,VAN,W,82,1192,20,27,19,200,35,34,53,0.4,0.41,0.19,0.358,0.95,0,0,2024
Conor Sheary,31,TBL,W,57,633,4,11,-3,50,12,35,19,-0.77,0.64,-0.78,-0.797,-1.46,0,0,2024
Corey Perry,38,CHI,W,54,723,12,10,-6,82,46,17,43,-0.05,0.59,0.05,-0.027,-0.05,0,0,2024
Craig Smith,34,DAL,C,75,766,11,9,2,112,33,30,51,-0.6,0.63,-0.4,-0.566,-1.37,0,0,2024
Curtis Lazar,28,NJD,C,71,880,7,18,10,74,44,64,179,-0.52,1.14,-0.61,-0.558,-1.28,0,0,2024
Dakota Joshua,27,VAN,C,63,906,18,14,19,84,60,40,245,0.24,0.89,0.97,0.445,0.91,0,0,2024
Daniel Sprong,26,DET,W,76,912,18,25,-5,160,22,15,32,0.37,-0.16,0.2,0.335,0.82,0,0,2024
Danton Heinen,28,BOS,C,74,1070,17,19,16,119,28,46,83,0.07,0.55,0.27,0.126,0.3,0,0,2024
David Gustafsson,23,WPG,C,39,361,3,4,1,27,0,23,30,-0.95,0.41,-0.77,-0.931,-1.17,0,0,2024
David Kämpf,29,TOR,C,78,1052,8,11,-4,79,18,29,84,-0.75,0.42,-0.53,-0.716,-1.8,0,0,2024
David Pastrňák,27,BOS,W,82,1634,47,63,21,382,47,19,70,3.07,-2.3,2.38,2.972,7.86,0,0,2024
David Perron,35,DET,W,76,1188,17,30,-12,151,55,27,111,0.46,-0.69,0.14,0.391,0.96,0,0,2024
Dawson Mercer,22,NJD,C,82,1412,20,13,-26,134,29,43,30,-0.08,-0.55,0.54,0.08,0.21,0,0,2024
Denis Gurianov,26,PHI,W,18,220,1,1,4,26,0,6,14,-1.18,2.35,-0.95,-1.148,-0.67,0,0,2024
Derek Ryan,37,EDM,C,70,714,5,7,-3,52,8,28,59,-0.98,0.7,-0.7,-0.935,-2.11,0,0,2024
Devin Shore,29,SEA,C,21,168,1,3,3,15,4,9,27,-1,1.87,-0.9,-0.998,-0.68,0,0,2024
Dillon Dubé,25,CGY,C,43,480,3,4,-13,42,8,18,35,-1.01,0.08,-0.83,-0.987,-1.37,0,0,2024
Dmitri Voronkov,23,CBJ,W,75,1009,18,16,-6,142,52,48,83,0.1,0.1,0.35,0.172,0.42,0,0,2024
Dominic Toninato,29,WPG,C,15,153,1,4,7,12,6,9,26,-0.63,1.88,-0.89,-0.72,-0.35,0,0,2024
Dominik Kubalík,28,OTT,W,74,897,11,4,-30,91,19,20,55,-0.73,-0.78,-0.2,-0.608,-1.45,0,0,2024
Drake Batherson,25,OTT,C,82,1490,28,38,-9,196,42,33,98,1.03,-1.08,1.04,1.063,2.81,0,0,2024
Drew O'Connor,25,PIT,W,79,1244,16,17,14,160,20,58,53,-0.07,0.85,-0.04,-0.068,-0.17,0,0,2024
Dryden Hunt,28,CGY,W,28,312,3,5,1,33,7,6,73,-0.63,1.15,-0.81,-0.694,-0.63,0,0,2024
Dylan Cozens,22,BUF,C,79,1361,18,29,-4,200,42,27,108,0.31,-0.72,-0.13,0.2,0.51,0,0,2024
Dylan Guenther,20,ARI,W,45,733,18,17,-1,121,14,24,32,1.28,-1.09,0.58,1.13,1.64,0,0,2024
Dylan Holloway,22,EDM,C,38,432,6,3,-1,56,29,14,91,-0.65,0.37,-0.62,-0.656,-0.8,0,0,2024
Dylan Larkin,27,DET,C,68,1372,33,36,5,221,39,34,44,1.82,-0.96,1.5,1.786,3.92,0,0,2024
Dylan Strome,26,WSH,C,82,1472,27,40,-13,169,22,61,12,1.03,-1.37,1.2,1.105,2.92,0,0,2024
Eeli Tolvanen,24,SEA,W,81,1267,16,25,-15,153,24,75,210,0.13,-0.75,-0,0.097,0.25,0,0,2024
Eetu Luostarinen,25,FLA,C,82,1307,12,15,1,119,26,56,129,-0.47,-0.01,-0.34,-0.443,-1.17,0,0,2024
Elias Lindholm,29,VAN,C,75,1477,15,29,-14,173,25,61,89,0.23,-1.91,-0.29,0.097,0.23,0,0,2024
Elias Pettersson,25,VAN,C,82,1611,34,55,20,207,12,68,125,1.82,-1.48,1.83,1.873,4.95,0,0,2024
Emil Bemström,24,PIT,C,56,624,8,8,-5,83,12,34,36,-0.57,0.03,-0.55,-0.581,-1.05,0,0,2024
Eric Robinson,28,CBJ,W,47,533,3,7,-3,61,19,11,94,-0.91,1.27,-0.88,-0.928,-1.41,0,0,2024
Erik Haula,32,NJD,W,76,1283,16,19,-1,156,54,49,94,0.05,0.29,-0.02,0.032,0.08,0,0,2024
Evan Rodrigues,30,FLA,C,80,1213,12,27,26,186,34,28,104,-0.1,1.13,-0.55,-0.226,-0.58,0,0,2024
Evander Kane,32,EDM,W,77,1292,24,20,-4,220,85,29,250,0.56,-1.3,0.55,0.575,1.43,0,0,2024
Evgeni Malkin,37,PIT,C,82,1524,27,40,5,199,70,42,29,1.03,-0.96,0.88,1.019,2.7,0,0,2024
Evgenii Dadonov,34,DAL,W,51,672,12,11,-6,67,8,19,35,0.09,-1.37,0.27,0.139,0.23,0,0,2024
Evgeny Kuznetsov,31,CAR,C,63,1106,8,16,-11,96,30,18,28,-0.39,-0.75,-0.6,-0.46,-0.94,0,0,2024
Fabian Zetterlund,24,SJS,W,82,1546,24,20,-34,204,33,71,120,0.43,-0.94,0.66,0.507,1.34,0,0,2024
Filip Chytil,24,NYR,C,10,159,0,6,0,22,4,4,4,-0.19,0.2,-0.93,-0.392,-0.13,0,0,2024
Filip Forsberg,29,NSH,C,82,1550,48,46,16,347,43,44,141,2.34,-1.6,2.35,2.405,6.36,0,0,2024
Filip Zadina,24,SJS,W,72,960,13,10,-44,137,18,28,55,-0.37,-1.12,-0.25,-0.347,-0.81,0,0,2024
Frank Vatrano,29,ANA,W,82,1504,37,23,-20,272,85,78,156,1.29,-1.44,1.94,1.502,3.97,0,0,2024
Fredrik Olofsson,27,COL,W,57,556,3,6,-5,45,8,29,45,-1.07,0.47,-0.85,-1.042,-1.92,0,0,2024
Frédérick Gaudreau,30,MIN,C,67,934,5,10,-23,105,12,47,24,-0.86,-0.4,-0.82,-0.872,-1.89,0,0,2024
Gabriel Vilardi,24,WPG,C,47,799,22,14,11,117,14,24,14,1.23,-0.7,1.11,1.23,1.87,0,0,2024
Garnet Hathaway,32,PHI,W,82,1024,7,10,-7,103,132,73,326,-0.87,0.55,-0.69,-0.848,-2.24,0,0,2024
Givani Smith,25,SJS,W,36,281,1,3,-13,31,40,12,87,-1.24,1.37,-0.95,-1.201,-1.39,0,0,2024
Gustav Nyquist,34,NSH,W,81,1437,23,52,7,153,8,38,36,1.36,-1.04,1.03,1.309,3.42,0,0,2024
Hendrix Lapierre,21,WSH,C,51,583,8,14,-1,51,4,31,26,-0.21,0.69,-0.31,-0.246,-0.41,0,0,2024
Hudson Fasching,28,NYI,W,45,542,4,10,-7,41,6,31,40,-0.61,-0.03,-0.74,-0.662,-0.96,0,0,2024
Ilya Mikheyev,29,VAN,W,78,1113,11,20,1,147,4,20,49,-0.27,-0.09,-0.49,-0.339,-0.85,0,0,2024
Isac Lundeström,24,ANA,C,46,660,5,6,-1,38,2,27,51,-0.75,1.07,-0.61,-0.733,-1.09,0,0,2024
Ivan Barbashev,28,VEG,C,82,1321,19,26,15,122,42,44,180,0.22,0.74,0.53,0.305,0.81,0,0,2024
Ivan Miroshnichenko,19,WSH,W,21,255,2,4,-4,30,6,5,50,-0.66,0.27,-0.89,-0.737,-0.5,0,0,2024
J.T. Compher,28,DET,W,77,1493,19,29,-5,108,34,59,51,0.53,-0.32,0.96,0.663,1.65,0,0,2024
J.T. Miller,30,VAN,C,81,1579,37,66,32,194,58,61,217,2.33,-1.27,2.56,2.455,6.41,0,0,2024
Jack Drury,23,CAR,C,74,909,8,19,4,106,33,35,30,-0.47,0.94,-0.64,-0.528,-1.26,0,0,2024
Jack Eichel,27,VEG,C,63,1293,31,37,4,278,27,61,26,1.98,-1.33,0.78,1.714,3.48,0,0,2024
Jack Hughes,22,NJD,C,62,1300,27,47,-12,274,12,24,10,2.11,-1.66,0.38,1.707,3.41,0,0,2024
Jack McBain,24,ARI,C,67,846,8,18,8,56,50,42,204,-0.39,1.13,-0.37,-0.398,-0.86,0,0,2024
Jack Quinn,22,BUF,W,27,422,9,10,-1,56,8,12,31,0.94,-1.42,-0.13,0.679,0.59,0,0,2024
Jack Roslovic,27,NYR,C,59,918,9,22,-10,117,16,24,28,-0.01,-0.96,-0.59,-0.168,-0.32,0,0,2024
Jack Studnicka,24,VAN,C,22,252,1,0,-12,20,6,11,36,-1.32,-1.97,-0.91,-1.25,-0.89,0,0,2024
Jaden Schwartz,31,SEA,C,62,1014,13,17,-15,117,24,27,46,0.02,-0.83,-0.22,-0.042,-0.08,0,0,2024
Jake DeBrusk,27,BOS,W,80,1347,19,21,4,183,18,48,107,0.21,-0.34,0.17,0.206,0.53,0,0,2024
Jake Evans,27,MTL,C,82,1314,7,21,-1,81,24,65,86,-0.57,0.68,-0.63,-0.606,-1.6,0,0,2024
Jake Guentzel,29,CAR,C,67,1341,30,47,25,238,22,28,48,2.04,-0.72,0.94,1.8,3.89,0,0,2024
Jake Lucchini,28,MIN,W,40,384,2,3,-3,22,23,14,22,-1.16,1.07,-0.86,-1.111,-1.43,0,0,2024
Jake Neighbours,21,STL,W,77,1209,27,11,-16,145,21,45,138,0.47,-1.39,1.94,0.874,2.17,0,0,2024
Jakob Pelletier,22,CGY,W,13,121,1,2,1,9,2,3,10,-0.83,1.52,-0.9,-0.876,-0.37,0,0,2024
Jakob Silfverberg,33,ANA,W,81,1057,7,12,4,102,24,36,16,-0.8,1.4,-0.69,-0.795,-2.08,0,0,2024
Jakub Lauko,23,BOS,C,60,589,2,8,-3,43,32,24,176,-1.08,0.52,-0.89,-1.059,-2.05,0,0,2024
Jakub Vrána,27,STL,W,21,255,2,4,-7,42,8,4,9,-0.66,-0.8,-0.91,-0.743,-0.5,0,0,2024
James Hamblin,24,EDM,W,31,246,2,1,3,18,0,21,14,-1.19,1.79,-0.84,-1.13,-1.13,0,0,2024
James Malatesta,20,CBJ,W,11,112,2,2,-1,12,5,2,41,-0.26,0.43,-0.78,-0.402,-0.14,0,0,2024
James van Riemsdyk,34,BOS,W,71,959,11,27,7,142,20,22,34,0.1,0.03,-0.48,-0.054,-0.12,0,0,2024
Jamie Benn,34,DAL,W,82,1240,21,39,8,164,41,50,110,0.82,-0.91,0.59,0.78,2.06,0,0,2024
Jansen Harkins,26,PIT,C,45,369,0,4,-4,37,21,13,74,-1.33,0.83,-0.93,-1.26,-1.83,0,0,2024
Jared McCann,27,SEA,C,80,1341,29,33,-10,216,31,27,45,1.01,-1.3,0.99,1.034,2.67,0,0,2024
Jaret Anderson-Dolan,24,NSH,C,31,343,1,3,-5,31,6,22,56,-1.17,0.41,-0.92,-1.133,-1.13,0,0,2024
Jason Dickinson,28,CHI,C,82,1359,22,13,4,126,43,73,143,0.02,1.1,0.97,0.276,0.73,0,0,2024
Jason Robertson,24,DAL,W,82,1503,29,51,19,231,22,31,77,1.65,-1.17,1.14,1.558,4.12,0,0,2024
Jason Zucker,32,NSH,W,69,954,14,18,-9,150,81,18,98,0.04,-0.76,-0.21,-0.028,-0.06,0,0,2024
Jean-Gabriel Pageau,31,NYI,C,82,1304,11,22,-8,101,13,81,196,-0.33,0,-0.34,-0.341,-0.9,0,0,2024
Jeff Carter,39,PIT,C,72,905,11,4,-7,90,12,33,83,-0.72,0.15,-0.27,-0.62,-1.44,0,0,2024
Jeff Skinner,31,BUF,W,74,1184,24,22,-2,211,34,13,26,0.72,-1.09,0.61,0.709,1.69,0,0,2024
Jesper Boqvist,25,BOS,C,47,524,6,8,12,51,8,15,71,-0.58,1.42,-0.58,-0.595,-0.9,0,0,2024
Jesper Bratt,25,NJD,W,82,1583,27,56,-6,248,12,33,66,1.68,-1.02,0.73,1.473,3.9,0,0,2024
Jesper Fast,32,CAR,W,73,920,6,13,0,79,16,23,79,-0.75,1.01,-0.7,-0.759,-1.79,0,0,2024
Jesperi Kotkaniemi,23,CAR,C,79,1025,12,15,-4,128,36,33,56,-0.42,0.15,-0.38,-0.424,-1.08,0,0,2024
Jesse Puljujärvi,25,PIT,W,22,202,3,1,2,29,6,6,40,-0.81,1.18,-0.79,-0.826,-0.59,0,0,2024
Jesse Ylönen,24,MTL,W,59,604,4,4,2,50,12,32,41,-1.09,1.34,-0.78,-1.037,-1.97,0,0,2024
Jimmy Vesey,30,NYR,W,80,990,13,13,-4,116,20,28,90,-0.4,0.17,-0.13,-0.336,-0.87,0,0,2024
Jiri Smejkal,27,OTT,W,20,190,1,1,-6,10,4,13,32,-1.22,0.24,-0.91,-1.17,-0.75,0,0,2024
Joe Pavelski,39,DAL,C,82,1378,27,40,12,194,20,70,75,1.03,-0.98,0.92,1.031,2.73,0,0,2024
Joe Veleno,24,DET,C,80,1117,12,16,-16,86,25,35,108,-0.41,0.02,-0.11,-0.341,-0.88,0,0,2024
Joel Armia,30,MTL,W,66,1026,17,8,4,139,34,41,49,-0.04,0.52,0.23,0.035,0.08,0,0,2024
Joel Eriksson Ek,27,MIN,C,77,1581,30,34,18,267,60,55,169,1.2,0.11,0.73,1.107,2.75,0,0,2024
Joel Farabee,23,PHI,W,82,1327,22,28,-13,182,37,50,67,0.55,-1.23,0.57,0.572,1.51,0,0,2024
Joel Kiviranta,27,COL,W,56,551,3,6,-1,48,12,31,78,-1.06,0.8,-0.86,-1.037,-1.87,0,0,2024
Joey Anderson,25,CHI,W,55,745,5,12,5,57,8,18,48,-0.61,1.77,-0.71,-0.655,-1.16,0,0,2024
John Beecher,22,BOS,C,52,552,7,3,-6,38,24,34,112,-0.8,-0.09,-0.3,-0.686,-1.15,0,0,2024
John Tavares,33,TOR,C,80,1429,29,36,2,279,30,37,134,1.1,-0.99,0.56,0.982,2.53,0,0,2024
John-Jason Peterka,22,BUF,W,82,1344,28,22,10,226,28,18,27,0.73,-0.22,1.04,0.832,2.2,0,0,2024
Johnny Gaudreau,30,CBJ,W,81,1524,12,48,-27,160,22,23,2,0.58,-1.73,-0.45,0.321,0.84,0,0,2024
Jonah Gadjovich,25,FLA,W,39,290,2,2,0,29,104,14,82,-1.21,0.76,-0.89,-1.157,-1.46,0,0,2024
Jonas Røndbjerg,24,VEG,W,20,226,1,2,2,25,0,10,7,-1.1,1.62,-0.95,-1.086,-0.7,0,0,2024
Jonatan Berggren,23,DET,W,12,130,2,4,-1,14,2,7,2,0.04,0.07,-0.8,-0.185,-0.07,0,0,2024
Jonathan Drouin,28,COL,W,79,1437,19,37,12,127,28,33,41,0.73,-0.15,0.68,0.732,1.87,0,0,2024
Jonathan Gruden,23,PIT,C,13,113,1,0,-2,9,5,5,35,-1.18,0.37,-0.88,-1.135,-0.48,0,0,2024
Jonathan Huberdeau,30,CGY,W,81,1411,12,40,-29,143,49,37,60,0.34,-1.52,-0.39,0.155,0.4,0,0,2024
Jonathan Marchessault,33,VEG,C,82,1467,42,27,-2,266,40,23,107,1.49,-1.24,2.35,1.762,4.66,0,0,2024
Jonny Brodzinski,30,NYR,C,57,634,6,13,-3,89,8,24,34,-0.55,0.35,-0.73,-0.612,-1.13,0,0,2024
Jordan Eberle,33,SEA,W,78,1361,17,27,1,168,17,23,30,0.32,0.01,0.03,0.25,0.63,0,0,2024
Jordan Greenway,26,BUF,W,67,1156,10,18,11,107,64,65,141,-0.2,1.18,-0.43,-0.269,-0.58,0,0,2024
Jordan Kyrou,25,STL,C,82,1503,31,36,-12,251,22,32,26,1.14,-1.77,0.96,1.124,2.97,0,0,2024
Jordan Martinook,31,CAR,W,82,1201,14,18,-1,148,36,36,61,-0.22,0.11,-0.2,-0.22,-0.58,0,0,2024
Jordan Staal,35,CAR,C,80,1230,10,20,-14,123,44,41,142,-0.41,-0.72,-0.53,-0.454,-1.17,0,0,2024
Josh Anderson,29,MTL,W,78,1206,9,11,-18,141,74,40,169,-0.68,-0.16,-0.64,-0.686,-1.73,0,0,2024
Josh Doan,21,ARI,W,11,135,5,4,6,23,0,7,7,1.51,1.35,-0.34,1.06,0.38,0,0,2024
Joshua Norris,24,OTT,C,50,882,16,14,-6,115,22,30,86,0.53,-0.61,0.17,0.445,0.72,0,0,2024
Joshua Roy,20,MTL,W,23,279,4,5,-2,34,0,21,12,-0.21,0.04,-0.7,-0.344,-0.26,0,0,2024
Julien Gauthier,26,NYI,W,27,275,5,4,-5,32,8,17,63,-0.32,-0.48,-0.52,-0.383,-0.33,0,0,2024
Juraj Slafkovsky,19,MTL,W,82,1471,20,30,-19,152,55,71,152,0.49,-1.21,0.55,0.523,1.38,0,0,2024
Justin Bailey,28,SJS,W,59,666,5,9,-15,70,6,29,76,-0.8,1.45,-0.76,-0.812,-1.54,0,0,2024
Justin Brazeau,25,BOS,W,19,211,5,2,4,31,2,12,43,-0.05,0.75,-0.5,-0.17,-0.1,0,0,2024
Justin Danforth,30,CBJ,W,71,1013,10,16,-10,86,26,46,109,-0.35,0.27,-0.3,-0.345,-0.79,0,0,2024
Juuso Pärssinen,22,NSH,C,44,642,8,4,-6,54,12,15,62,-0.51,-0.16,-0.35,-0.483,-0.68,0,0,2024
Kaapo Kakko,22,NYR,W,61,810,13,6,6,91,24,18,26,-0.31,0.95,0.11,-0.206,-0.4,0,0,2024
Kailer Yamamoto,25,SEA,W,59,708,8,8,-9,61,18,18,31,-0.59,0.12,-0.36,-0.548,-1.04,0,0,2024
Kasperi Kapanen,27,STL,W,73,1050,6,16,-5,99,14,27,64,-0.65,0.68,-0.76,-0.697,-1.64,0,0,2024
Keegan Kolesar,26,VEG,W,79,858,8,10,-8,73,49,41,277,-0.78,0.46,-0.46,-0.719,-1.83,0,0,2024
Kent Johnson,21,CBJ,C,42,569,6,10,-2,62,10,16,10,-0.36,0.77,-0.65,-0.445,-0.6,0,0,2024
Kevin Fiala,27,LAK,W,82,1479,29,44,1,225,62,28,67,1.44,-1.57,1.19,1.415,3.74,0,0,2024
Kevin Hayes,31,STL,W,79,1143,13,16,0,153,12,17,42,-0.29,0.65,-0.33,-0.309,-0.79,0,0,2024
Kevin Labanc,28,SJS,W,46,535,2,7,-27,60,16,17,61,-1,-0.23,-0.93,-1.01,-1.5,0,0,2024
Kevin Rooney,30,CGY,C,33,370,3,1,-4,27,2,29,65,-1.05,0.87,-0.77,-1.007,-1.07,0,0,2024
Kevin Stenlund,27,FLA,C,81,1021,11,4,-10,81,62,55,83,-0.81,-0.29,-0.2,-0.669,-1.75,0,0,2024
Kiefer Sherwood,28,NSH,W,68,828,10,17,17,110,41,22,234,-0.26,1.49,-0.44,-0.316,-0.69,0,0,2024
Kirill Kaprizov,26,MIN,W,75,1618,46,50,11,277,36,38,55,3.02,-2.02,3.45,3.219,7.79,0,0,2024
Kirill Marchenko,23,CBJ,W,78,1280,23,19,-5,193,14,39,55,0.44,-0.18,0.62,0.502,1.26,0,0,2024
Klim Kostin,24,SJS,C,52,567,8,6,-12,43,53,16,108,-0.58,1.43,-0.2,-0.496,-0.83,0,0,2024
Kyle Connor,27,WPG,W,65,1282,34,27,-6,221,6,19,14,1.97,-2.68,2.06,2.048,4.29,0,0,2024
Kyle MacLean,24,NYI,W,32,323,4,5,5,26,11,6,60,-0.59,1.55,-0.61,-0.616,-0.64,0,0,2024
Kyle Okposo,35,FLA,W,67,895,12,10,1,114,34,35,75,-0.35,-0.1,-0.24,-0.329,-0.71,0,0,2024
Kyle Palmieri,32,NYI,W,82,1412,30,24,-16,218,26,42,89,0.91,-1.83,1.42,1.069,2.83,0,0,2024
Landon Slaggert,21,CHI,W,16,180,1,3,1,14,4,6,16,-0.82,1.82,-0.93,-0.873,-0.45,0,0,2024
Lars Eller,34,PIT,C,82,1309,15,16,-1,154,32,56,55,-0.27,0.08,-0.21,-0.265,-0.7,0,0,2024
Lawson Crouse,26,ARI,W,81,1362,23,19,-7,171,36,57,175,0.37,-0.51,0.82,0.499,1.3,0,0,2024
Leo Carlsson,19,ANA,C,55,996,12,17,-11,109,16,25,28,0.14,-0.28,-0.28,0.03,0.05,0,0,2024
Leon Draisaitl,28,EDM,C,81,1676,41,65,26,217,76,26,58,2.52,-1.66,2.9,2.692,7.04,0,0,2024
Liam Foudy,23,CBJ,C,13,130,0,3,-2,7,2,4,8,-1.01,0.96,-0.93,-1.019,-0.43,0,0,2024
Liam O'Brien,29,ARI,C,75,730,5,9,0,72,153,33,229,-0.96,1.16,-0.76,-0.935,-2.26,0,0,2024
Logan Cooley,19,ARI,C,82,1297,20,24,-13,151,18,27,50,0.22,-0.65,0.38,0.264,0.7,0,0,2024
Logan O'Connor,27,COL,W,57,852,13,12,13,85,34,38,60,0.04,0.89,0.18,0.077,0.14,0,0,2024
Logan Stankoven,20,DAL,C,24,352,6,8,10,51,4,11,20,0.33,1.8,-0.58,0.098,0.08,0,0,2024
Lucas Raymond,21,DET,W,82,1456,31,41,-12,163,30,27,69,1.47,-1.61,2.44,1.77,4.68,0,0,2024
Lukas Reichel,21,CHI,W,65,917,5,11,-29,84,12,25,27,-0.8,-0.09,-0.8,-0.819,-1.72,0,0,2024
Luke Evangelista,21,NSH,W,80,1116,16,23,0,172,18,23,30,0.09,-0.15,-0.11,0.039,0.1,0,0,2024
Luke Glendening,34,TBL,C,81,941,10,1,-2,57,39,53,121,-0.95,0.85,-0.07,-0.739,-1.93,0,0,2024
Luke Kunin,26,SJS,C,77,1212,11,7,-30,98,83,60,165,-0.69,0.71,-0.32,-0.608,-1.51,0,0,2024
Lukáš Rousek,24,BUF,W,15,159,0,2,-1,4,0,7,5,-1.26,1.09,-0.97,-1.216,-0.59,0,0,2024
Mackenzie Entwistle,24,CHI,W,67,763,5,6,-29,66,47,32,139,-1,0.12,-0.75,-0.962,-2.08,0,0,2024
Marat Khusnutdinov,21,MIN,C,16,210,1,3,-3,6,6,9,16,-0.83,0.26,-0.85,-0.858,-0.44,0,0,2024
Marco Rossi,22,MIN,C,82,1372,21,19,-4,167,47,37,35,0.13,-0.08,0.37,0.201,0.53,0,0,2024
Marcus Foligno,32,MIN,W,55,797,10,12,10,56,59,40,179,-0.17,1.32,0.06,-0.111,-0.2,0,0,2024
Marcus Johansson,33,MIN,C,78,1239,11,19,-15,112,22,29,44,-0.35,-0.24,-0.4,-0.376,-0.94,0,0,2024
Mark Jankowski,29,NSH,C,32,405,7,8,11,48,8,11,8,0.01,1.54,-0.43,-0.108,-0.11,0,0,2024
Mark Kastelic,24,OTT,C,63,487,5,5,-5,60,63,31,126,-1,1.12,-0.73,-0.951,-1.93,0,0,2024
Mark Scheifele,30,WPG,C,74,1494,25,47,19,154,57,40,63,1.4,-0.76,1.07,1.35,3.22,0,0,2024
Mark Stone,31,VEG,W,56,1087,16,37,1,117,22,40,34,1.41,-0.99,0.3,1.155,2.09,0,0,2024
Martin Nečas,25,CAR,C,77,1336,24,29,-9,231,42,31,77,0.7,-2.03,0.3,0.616,1.53,0,0,2024
Martin Pospisil,24,CGY,C,63,801,8,16,14,117,109,22,238,-0.39,1.68,-0.66,-0.476,-0.97,0,0,2024
Mason Appleton,28,WPG,C,82,1316,14,22,16,122,26,44,107,-0.17,0.39,-0.14,-0.163,-0.43,0,0,2024
Mason Marchment,28,DAL,W,81,1220,22,31,22,150,54,34,108,0.67,0.54,0.9,0.748,1.95,0,0,2024
Mason McTavish,21,ANA,C,64,1042,19,23,-23,130,86,33,67,0.6,-1.23,0.44,0.574,1.19,0,0,2024
Mason Morelli,27,VEG,W,9,97,3,1,-3,9,0,6,21,0.31,-1.53,-0.39,0.131,0.04,0,0,2024
Mason Shaw,25,MIN,C,20,164,1,2,0,21,34,6,29,-1.08,1.34,-0.91,-1.065,-0.69,0,0,2024
Mathew Barzal,26,NYI,C,80,1611,23,57,-4,240,34,52,54,1.35,-1.54,0.16,1.067,2.75,0,0,2024
Mathieu Joseph,26,OTT,W,72,1186,11,24,-4,124,51,49,105,-0.03,0.24,-0.4,-0.13,-0.3,0,0,2024
Mathieu Olivier,26,CBJ,W,54,609,5,7,-4,55,70,36,163,-0.82,1.11,-0.71,-0.81,-1.41,0,0,2024
Matias Maccelli,23,ARI,W,82,1331,17,40,-4,149,8,20,25,0.61,-0.57,0.15,0.506,1.34,0,0,2024
Mats Zuccarello,36,MIN,W,69,1304,12,51,-5,173,30,50,26,1.06,-1.13,-0.49,0.677,1.51,0,0,2024
Matt Boldy,22,MIN,W,75,1418,29,40,5,227,48,32,33,1.59,-0.99,1.17,1.527,3.69,0,0,2024
Matt Duchene,33,DAL,C,80,1341,25,40,15,172,20,48,30,0.98,-0.64,0.86,0.979,2.53,0,0,2024
Matt Martin,34,NYI,W,57,531,4,4,7,48,43,29,151,-1.07,1.87,-0.78,-1.022,-1.88,0,0,2024
Matt Rempe,21,NYR,C,17,96,1,1,1,12,71,5,50,-1.13,1.7,-0.89,-1.1,-0.6,0,0,2024
Matthew Beniers,21,SEA,C,77,1383,15,22,-11,133,20,44,52,-0.02,-0.35,-0.1,-0.041,-0.1,0,0,2024
Matthew Coronato,21,CGY,W,34,429,3,6,-15,58,4,7,7,-0.72,-0.91,-0.88,-0.786,-0.86,0,0,2024
Matthew Knies,21,TOR,W,80,1094,15,20,9,115,45,30,169,-0.06,0.51,0.16,-0.005,-0.01,0,0,2024
Matthew Nieto,31,PIT,W,22,255,1,3,5,13,4,9,14,-1.03,2.12,-0.92,-1.03,-0.73,0,0,2024
Matthew Phillips,25,PIT,W,31,316,1,4,-3,21,0,15,8,-1.11,0.53,-0.94,-1.097,-1.1,0,0,2024
Matthew Poitras,19,BOS,C,33,442,5,10,4,40,6,15,17,-0.17,0.37,-0.62,-0.299,-0.32,0,0,2024
Matthew Tkachuk,26,FLA,W,80,1491,26,62,19,280,88,28,151,1.88,-1.37,0.43,1.547,3.99,0,0,2024
Mattias Janmark,31,EDM,C,71,845,4,8,0,67,46,19,55,-1.02,0.99,-0.82,-0.997,-2.28,0,0,2024
Max Domi,28,TOR,W,80,1103,9,38,10,137,118,22,53,0.12,0.39,-0.63,-0.076,-0.2,0,0,2024
Max Jones,25,ANA,W,52,627,5,10,-6,76,33,14,127,-0.65,0.63,-0.78,-0.7,-1.17,0,0,2024
Max Pacioretty,35,WSH,W,47,678,4,19,-14,95,25,22,76,-0.19,-0.83,-0.87,-0.374,-0.57,0,0,2024
Maxwell Willman,28,NJD,C,18,150,3,1,1,17,2,7,23,-0.66,0.98,-0.67,-0.68,-0.4,0,0,2024
Michael Amadio,27,VEG,C,73,978,14,13,4,117,16,34,48,-0.27,0.66,-0.11,-0.236,-0.56,0,0,2024
Michael Bunting,28,PIT,W,81,1271,19,36,-19,168,57,21,49,0.64,-2.03,0.27,0.559,1.46,0,0,2024
Michael Carcone,27,ARI,W,74,834,21,8,-2,111,35,22,56,0.06,0.06,1.33,0.4,0.95,0,0,2024
Michael Eyssimont,27,TBL,C,81,960,11,14,7,149,104,31,135,-0.53,0.91,-0.53,-0.549,-1.43,0,0,2024
Michael McCarron,28,NSH,W,70,894,12,10,4,94,100,55,142,-0.4,0.66,-0.08,-0.328,-0.74,0,0,2024
Michael McLeod,25,NJD,C,45,681,10,9,6,73,10,22,101,-0.09,0.82,-0.26,-0.136,-0.2,0,0,2024
Michael Pezzetta,25,MTL,C,61,476,3,9,4,42,59,29,242,-0.98,1.35,-0.83,-0.965,-1.9,0,0,2024
Michael Rasmussen,24,DET,C,75,1139,13,20,8,101,47,76,124,-0.16,1.11,-0.11,-0.149,-0.36,0,0,2024
Michael Sgarbossa,31,WSH,C,25,274,4,3,0,27,2,3,16,-0.54,1.16,-0.64,-0.585,-0.47,0,0,2024
Mika Zibanejad,30,NYR,C,81,1599,26,46,15,221,30,55,49,1.17,-0.47,0.58,1.047,2.74,0,0,2024
Mikael Backlund,34,CGY,C,82,1577,15,24,-4,209,24,33,70,-0.06,0.25,-0.4,-0.15,-0.4,0,0,2024
Mikael Granlund,31,SJS,C,69,1446,12,48,-23,134,32,55,62,0.8,-0.76,-0.4,0.503,1.12,0,0,2024
Mikael Pyyhtia,22,CBJ,W,17,224,0,2,-5,22,0,20,9,-1.3,0.48,-0.97,-1.245,-0.68,0,0,2024
Mike Hoffman,34,SJS,C,66,906,10,13,-21,71,20,27,28,-0.41,0.76,-0.24,-0.376,-0.8,0,0,2024
Mikko Rantanen,27,COL,W,80,1832,42,62,19,271,50,49,53,2.85,-1.83,2.8,2.918,7.53,0,0,2024
Miles Wood,28,COL,W,74,1013,9,17,-5,167,75,35,107,-0.43,-0.06,-0.69,-0.513,-1.22,0,0,2024
Miloš Kelemen,24,ARI,W,10,77,0,1,-2,5,0,3,20,-1.34,0.6,-0.97,-1.278,-0.41,0,0,2024
Mitch Marner,26,TOR,W,69,1468,26,59,21,158,18,51,59,2.33,-0.85,1.51,2.174,4.84,0,0,2024
Mitchell Chaffee,26,TBL,W,30,339,4,3,2,27,4,20,88,-0.69,0.98,-0.63,-0.693,-0.67,0,0,2024
Mitchell Stephens,26,MTL,C,23,208,2,1,2,16,4,7,8,-1.04,1.49,-0.81,-1.009,-0.75,0,0,2024
Morgan Barron,25,WPG,C,80,840,11,7,10,94,23,45,122,-0.72,0.6,-0.3,-0.625,-1.61,0,0,2024
Morgan Frost,24,PHI,C,71,1124,13,28,4,135,22,55,57,0.17,0.16,-0.31,0.046,0.11,0,0,2024
Morgan Geekie,25,BOS,C,76,1171,17,22,6,130,28,50,137,0.12,-0.14,0.17,0.134,0.33,0,0,2024
Nathan Bastian,26,NJD,W,54,549,5,7,-10,57,32,27,143,-0.82,0.31,-0.71,-0.813,-1.42,0,0,2024
Nathan MacKinnon,28,COL,C,82,1871,51,89,35,405,42,69,55,3.67,-1.91,2.24,3.392,8.97,0,0,2024
Nathan Walker,29,STL,C,45,486,7,6,-1,43,18,35,95,-0.53,0.81,-0.37,-0.506,-0.73,0,0,2024
Nazem Kadri,33,CGY,C,82,1511,29,46,0,277,43,24,57,1.3,-0.81,0.57,1.144,3.02,0,0,2024
Nic Dowd,33,WSH,C,64,973,12,10,-2,61,47,72,118,-0.34,0.78,0.23,-0.197,-0.41,0,0,2024
Nicholas Robertson,22,TOR,W,56,637,14,13,4,96,4,24,34,0.2,0.08,0.21,0.207,0.37,0,0,2024
Nick Bjugstad,31,ARI,C,76,1326,22,23,11,165,59,48,118,0.44,0.43,0.52,0.473,1.16,0,0,2024
Nick Bonino,35,NYR,C,45,551,1,4,-12,31,8,78,10,-1.23,0.01,-0.92,-1.18,-1.71,0,0,2024
Nick Cousins,30,FLA,C,69,841,7,8,1,111,64,33,130,-0.81,0.39,-0.72,-0.811,-1.81,0,0,2024
Nick Foligno,36,CHI,W,74,1315,17,20,-29,146,57,39,192,0.19,-0.65,0.18,0.193,0.46,0,0,2024
Nick Paul,28,TBL,W,82,1415,24,22,-16,153,27,42,104,0.49,-0.71,1.21,0.697,1.84,0,0,2024
Nick Schmaltz,27,ARI,C,79,1515,22,39,-16,158,10,41,16,0.82,-1.43,0.58,0.777,1.98,0,0,2024
Nick Suzuki,24,MTL,C,82,1744,33,44,-14,185,36,48,69,1.47,-1.76,1.98,1.643,4.35,0,0,2024
Nico Hischier,25,NJD,C,71,1383,27,40,-5,182,12,42,44,1.43,-0.83,1.05,1.366,3.13,0,0,2024
Nico Sturm,28,SJS,C,63,924,5,8,-25,69,12,39,75,-0.89,0.91,-0.75,-0.878,-1.78,0,0,2024
Nicolas Aubé-Kubel,27,WSH,W,60,732,6,10,4,58,23,26,159,-0.69,1.69,-0.61,-0.688,-1.33,0,0,2024
Nicolas Deslauriers,32,PHI,W,60,489,1,3,-7,49,89,21,188,-1.38,0.91,-0.96,-1.305,-2.53,0,0,2024
Nicolas Roy,26,VEG,C,70,1082,13,28,8,112,29,35,77,0.19,0.48,-0.19,0.098,0.22,0,0,2024
Nikita Alexandrov,23,STL,C,23,196,0,2,-4,15,4,7,29,-1.33,0.95,-0.93,-1.263,-0.94,0,0,2024
Nikita Kucherov,30,TBL,W,81,1755,44,100,8,306,22,35,45,4.06,-2.17,2.69,3.808,9.95,0,0,2024
Nikolaj Ehlers,27,WPG,W,82,1302,25,36,27,233,29,39,30,0.97,0.04,0.58,0.892,2.36,0,0,2024
Nils Höglander,23,VAN,W,80,969,24,12,23,120,51,19,100,0.24,0.97,1.81,0.665,1.72,0,0,2024
Nils Åman,23,VAN,C,43,444,3,4,-3,28,8,22,31,-1.01,0.36,-0.77,-0.973,-1.35,0,0,2024
Nino Niederreiter,31,WPG,W,77,1152,18,16,12,170,34,42,115,0.06,0.09,0.13,0.081,0.2,0,0,2024
Noah Cates,24,PHI,W,59,814,6,12,-8,78,0,35,52,-0.59,0.03,-0.7,-0.639,-1.22,0,0,2024
Noah Gregor,25,TOR,C,63,718,6,6,-7,110,17,26,147,-0.89,0.3,-0.77,-0.882,-1.79,0,0,2024
Noel Acciari,32,PIT,C,55,713,4,3,-7,59,10,85,124,-1.08,0.39,-0.8,-1.035,-1.84,0,0,2024
Oliver Bjorkstrand,28,SEA,W,82,1327,20,39,-20,186,12,29,67,0.76,-1.65,0.28,0.652,1.72,0,0,2024
Oliver Wahlstrom,23,NYI,W,32,354,2,4,-6,41,8,22,35,-0.97,0.19,-0.91,-0.985,-1.02,0,0,2024
Olle Lycksell,24,PHI,W,18,179,1,4,0,29,6,4,4,-0.77,0.86,-0.95,-0.841,-0.49,0,0,2024
Ondřej Palát,32,NJD,W,71,1111,11,20,-9,108,37,49,92,-0.14,0.04,-0.32,-0.195,-0.45,0,0,2024
Oskar Steen,25,BOS,C,34,308,1,0,-2,24,4,19,79,-1.4,0.81,-0.91,-1.305,-1.43,0,0,2024
Oskar Sundqvist,29,STL,C,71,941,6,15,-6,68,32,49,82,-0.68,0.65,-0.67,-0.695,-1.59,0,0,2024
Owen Tippett,24,PHI,W,78,1294,28,25,-5,289,12,47,148,0.94,-1.16,0.6,0.877,2.21,0,0,2024
Parker Kelly,24,OTT,W,80,937,8,10,-8,86,30,67,171,-0.79,0.79,-0.54,-0.747,-1.93,0,0,2024
Pat Maroon,35,BOS,W,51,655,4,12,-11,56,60,16,82,-0.63,-0.82,-0.8,-0.693,-1.14,0,0,2024
Patrick Brown,31,BOS,C,11,97,0,1,-3,7,2,3,25,-1.32,-0.28,-0.93,-1.256,-0.45,0,0,2024
Patrick Kane,35,DET,W,50,919,20,27,-5,147,16,13,14,1.68,-1.59,0.61,1.437,2.32,0,0,2024
Patrik Laine,25,CBJ,W,18,274,6,3,-10,41,6,14,5,0.44,-2.74,-0.46,0.215,0.12,0,0,2024
Paul Cotter,24,VEG,C,76,967,7,18,-11,100,41,29,233,-0.59,0.14,-0.69,-0.631,-1.55,0,0,2024
Pavel Buchnevich,28,STL,W,80,1586,27,36,3,207,48,28,43,1.15,-0.8,1.07,1.162,3,0,0,2024
Pavel Dorofeyev,23,VEG,W,47,624,13,11,8,97,12,23,18,0.33,0.65,0.04,0.263,0.4,0,0,2024
Pavel Zacha,26,BOS,C,78,1412,21,38,12,148,18,34,106,0.76,-0.47,0.54,0.724,1.82,0,0,2024
Peyton Krebs,23,BUF,C,80,1000,4,13,2,74,67,23,108,-0.94,1.23,-0.83,-0.936,-2.42,0,0,2024
Philip Tomasino,22,NSH,C,41,516,7,13,-6,62,25,18,13,-0.06,-0.69,-0.54,-0.188,-0.25,0,0,2024
Philipp Kurashev,24,CHI,C,75,1426,18,36,-44,128,23,48,27,0.62,-1.53,0.32,0.553,1.34,0,0,2024
Phillip Danault,30,LAK,C,78,1406,17,30,12,159,18,60,80,0.3,0.23,-0.04,0.222,0.56,0,0,2024
Phillip Di Giuseppe,30,VAN,W,51,617,5,5,-1,52,36,23,93,-0.87,0.47,-0.69,-0.844,-1.39,0,0,2024
Pierre Engvall,27,NYI,W,74,1134,10,18,4,128,18,21,28,-0.33,0.75,-0.52,-0.392,-0.94,0,0,2024
Pierre-Luc Dubois,25,LAK,W,82,1288,16,24,-9,146,70,37,96,0.08,-0.78,0.05,0.071,0.19,0,0,2024
Pierre-Édouard Bellemare,38,SEA,W,40,394,4,3,4,36,6,22,20,-0.91,1.65,-0.71,-0.885,-1.14,0,0,2024
Pius Suter,27,VAN,W,67,1038,14,15,17,105,16,23,54,-0.02,1.1,0.11,0.013,0.03,0,0,2024
Pontus Holmberg,24,TOR,W,54,625,7,10,11,54,18,42,51,-0.5,1.33,-0.44,-0.5,-0.87,0,0,2024
Quinton Byfield,21,LAK,C,80,1319,20,35,19,161,42,19,66,0.57,0.35,0.29,0.509,1.31,0,0,2024
Radek Faksa,30,DAL,C,74,926,7,12,0,71,20,42,97,-0.74,0.66,-0.59,-0.723,-1.73,0,0,2024
Radim Zohorna,27,PIT,W,33,322,4,3,0,38,18,5,44,-0.77,0.67,-0.72,-0.781,-0.83,0,0,2024
Rafaël Harvey-Pinard,25,MTL,W,45,569,2,8,-2,26,6,47,47,-0.93,0.87,-0.88,-0.946,-1.37,0,0,2024
Rasmus Kupari,23,WPG,C,28,256,0,1,-5,28,4,10,24,-1.45,0.04,-0.93,-1.35,-1.22,0,0,2024
Reese Johnson,25,CHI,W,42,459,2,3,-20,51,40,16,109,-1.18,0.09,-0.92,-1.142,-1.55,0,0,2024
Reilly Smith,32,PIT,W,76,1226,13,27,3,152,18,28,55,0.11,-0.06,-0.33,-0.001,-0,0,0,2024
Rem Pitlick,26,CHI,C,9,140,0,0,-7,13,2,6,9,-1.53,-0.54,-0.93,-1.411,-0.41,0,0,2024
Rickard Rakell,30,PIT,W,70,1156,15,22,4,165,22,40,112,0.22,-0.09,-0.18,0.122,0.28,0,0,2024
Ridly Greig,21,OTT,C,72,1062,13,13,10,97,66,41,129,-0.32,1.43,-0.07,-0.261,-0.61,0,0,2024
Robby Fabbri,28,DET,C,68,875,18,14,-13,97,32,29,77,0.11,-0.45,0.72,0.278,0.61,0,0,2024
Robert Thomas,24,STL,C,82,1719,26,60,9,170,48,47,16,1.52,-0.89,1.03,1.433,3.79,0,0,2024
Roope Hintz,27,DAL,W,80,1379,30,35,26,182,22,38,36,1.3,-0.01,1.89,1.497,3.86,0,0,2024
Ross Colton,27,COL,C,80,1098,17,23,-8,146,61,46,141,0.06,-0.67,0.04,0.06,0.16,0,0,2024
Ross Johnston,29,ANA,W,68,557,1,3,-12,44,117,27,139,-1.4,1,-0.96,-1.323,-2.9,0,0,2024
Rourke Chartier,27,OTT,C,37,398,2,1,-4,40,14,11,32,-1.22,1.23,-0.88,-1.168,-1.39,0,0,2024
Ryan Carpenter,33,SJS,C,62,688,5,7,-16,58,6,31,47,-0.91,1.68,-0.72,-0.888,-1.78,0,0,2024
Ryan Donato,27,CHI,C,78,1092,12,18,-14,149,26,24,104,-0.32,0.59,-0.46,-0.369,-0.93,0,0,2024
Ryan Hartman,29,MIN,W,74,1222,21,24,4,173,72,65,75,0.59,-0.05,0.51,0.581,1.39,0,0,2024
Ryan Johansen,31,COL,C,63,860,13,10,-6,78,34,15,60,-0.25,-0.34,0.14,-0.155,-0.31,0,0,2024
Ryan Lomberg,29,FLA,W,75,716,5,2,-1,68,80,21,179,-1.19,0.67,-0.76,-1.11,-2.69,0,0,2024
Ryan McLeod,24,EDM,C,81,1154,12,18,10,106,10,34,65,-0.37,0.86,-0.26,-0.351,-0.92,0,0,2024
Ryan Nugent-Hopkins,30,EDM,C,80,1570,18,49,10,183,36,33,62,0.84,-0.65,-0.06,0.627,1.62,0,0,2024
Ryan O'Reilly,32,NSH,C,82,1621,26,43,6,180,18,56,26,1.06,-0.83,0.92,1.052,2.78,0,0,2024
Ryan Poehling,25,PHI,C,77,1155,11,17,-11,111,6,101,62,-0.4,-0.16,-0.39,-0.407,-1.01,0,0,2024
Ryan Reaves,37,TOR,W,49,398,4,2,-13,26,49,17,165,-1.09,-0.25,-0.61,-0.99,-1.57,0,0,2024
Ryan Strome,30,ANA,C,79,1248,11,30,-20,131,86,21,64,-0.06,-0.32,-0.48,-0.171,-0.44,0,0,2024
Ryan Winterton,20,SEA,C,9,84,0,0,-1,10,0,4,10,-1.53,1.28,-0.93,-1.411,-0.41,0,0,2024
Sam Bennett,27,FLA,C,69,1146,20,21,17,171,100,43,173,0.45,0.14,0.22,0.399,0.89,0,0,2024
Sam Carrick,31,EDM,C,77,941,10,6,-11,92,102,35,167,-0.77,-0.12,-0.4,-0.694,-1.72,0,0,2024
Sam Gagner,34,EDM,C,28,286,5,5,-2,48,10,17,17,-0.33,-0.28,-0.68,-0.432,-0.39,0,0,2024
Sam Lafferty,28,VAN,C,79,938,13,11,4,78,32,32,191,-0.48,0.38,0.14,-0.33,-0.84,0,0,2024
Sam Reinhart,28,FLA,C,82,1665,57,37,29,233,31,66,78,2.58,-1.68,5.96,3.554,9.4,0,0,2024
Sam Steel,25,DAL,C,77,1020,9,15,0,86,29,32,58,-0.57,0.41,-0.47,-0.559,-1.39,0,0,2024
Sammy Blais,27,STL,W,53,514,1,6,-11,33,31,19,194,-1.22,0.56,-0.95,-1.179,-2.02,0,0,2024
Scott Laughton,29,PHI,C,82,1284,13,26,-9,167,69,56,155,-0.11,-0.29,-0.43,-0.2,-0.53,0,0,2024
Sean Couturier,31,PHI,C,74,1319,11,27,-10,192,29,41,59,-0.05,-0.47,-0.62,-0.203,-0.48,0,0,2024
Sean Kuraly,31,CBJ,C,62,852,9,9,-5,92,40,34,156,-0.55,0.82,-0.5,-0.555,-1.11,0,0,2024
Sean Monahan,29,WPG,C,83,1502,26,33,-1,171,12,44,29,0.76,-1.26,1.02,0.85,2.27,0,0,2024
Sebastian Aho,26,NYI,W,78,1531,36,53,34,216,36,18,48,2.31,-0.08,2.5,2.428,6.11,0,0,2024
Seth Jarvis,21,CAR,C,81,1519,33,34,23,176,14,52,115,1.23,-0.09,2.13,1.501,3.92,0,0,2024
Shane Pinto,23,OTT,C,41,742,9,18,9,110,14,31,39,0.43,1.03,-0.57,0.178,0.24,0,0,2024
Sheldon Rempal,28,VEG,W,9,90,2,1,-2,16,4,3,0,-0.23,-0.56,-0.82,-0.396,-0.11,0,0,2024
Sidney Crosby,36,PIT,C,82,1647,42,52,7,278,40,37,101,2.17,-2.06,2.2,2.242,5.93,0,0,2024
Simon Holmström,22,NYI,W,75,999,15,10,2,72,14,46,19,-0.29,0.56,0.84,0.006,0.01,0,0,2024
Sonny Milano,27,WSH,W,49,613,15,8,4,50,10,16,20,0.3,0.67,1.63,0.666,1.05,0,0,2024
Stefan Noesen,30,CAR,W,81,961,14,23,13,111,33,25,118,-0.05,1.14,0.05,-0.025,-0.07,0,0,2024
Steven Lorentz,27,FLA,C,38,334,1,2,-9,30,10,14,70,-1.29,-0.32,-0.92,-1.228,-1.5,0,0,2024
Steven Stamkos,33,TBL,C,79,1440,40,41,-21,262,34,43,78,1.89,-1.84,2.09,1.995,5.09,0,0,2024
T.J. Oshie,37,WSH,C,52,877,12,13,-6,90,44,56,75,0.06,-0.08,-0.14,0.009,0.01,0,0,2024
Tage Thompson,26,BUF,C,71,1286,29,27,-1,246,43,29,79,1.14,-1.55,0.76,1.073,2.46,0,0,2024
Tanner Jeannot,26,TBL,W,55,661,7,7,-10,59,75,27,211,-0.65,0.12,-0.49,-0.628,-1.11,0,0,2024
Tanner Pearson,31,MTL,W,54,699,5,8,-12,77,21,35,50,-0.77,-0.04,-0.78,-0.796,-1.39,0,0,2024
Taylor Hall,32,CHI,W,10,163,2,2,-3,20,4,3,7,-0.12,-0.06,-0.85,-0.321,-0.1,0,0,2024
Taylor Raddysh,25,CHI,W,73,1159,5,9,-19,120,22,28,84,-0.95,0.72,-0.85,-0.949,-2.23,0,0,2024
Teddy Blueger,29,VAN,C,68,1016,6,22,4,97,31,43,98,-0.41,0.33,-0.75,-0.513,-1.12,0,0,2024
Teuvo Teräväinen,29,CAR,W,76,1247,25,28,15,142,10,26,16,0.91,-0.07,1.58,1.115,2.73,0,0,2024
Thomas Bordeleau,22,SJS,C,27,406,6,5,-18,48,18,19,12,-0.12,-1.44,-0.56,-0.242,-0.21,0,0,2024
Thomas Novak,26,NSH,C,71,1008,18,27,-3,113,8,31,5,0.45,-0.74,0.48,0.474,1.09,0,0,2024
Tim Stützle,22,OTT,W,75,1584,18,52,-17,192,28,41,100,1.27,-1.93,0.01,0.969,2.34,0,0,2024
Timo Meier,27,NJD,W,69,1215,28,24,-28,207,45,42,111,1.24,-1.82,1.22,1.267,2.82,0,0,2024
Tom Wilson,29,WSH,W,74,1340,18,17,-19,169,133,74,228,0.16,-0.99,0.14,0.158,0.38,0,0,2024
Tomáš Hertl,30,VEG,C,54,1106,17,21,-28,124,22,49,59,0.75,-2.55,0.22,0.626,1.09,0,0,2024
Tomáš Nosek,31,NJD,C,36,425,2,4,-11,38,6,20,33,-1.03,0.13,-0.88,-1.019,-1.18,0,0,2024
Tomáš Tatar,33,COL,W,70,872,9,15,8,72,20,24,43,-0.44,0.81,-0.32,-0.417,-0.94,0,0,2024
Travis Boyd,30,ARI,C,16,154,2,6,3,12,2,10,10,-0.13,1.17,-0.77,-0.305,-0.16,0,0,2024
Travis Konecny,26,PHI,C,76,1508,33,35,4,244,67,32,90,1.44,-1.12,1.27,1.435,3.52,0,0,2024
Trent Frederic,25,BOS,C,82,1128,18,22,9,123,69,52,204,0.05,0.07,0.37,0.138,0.36,0,0,2024
Trevor Lewis,37,LAK,C,82,954,8,8,7,130,20,62,90,-0.87,1.13,-0.69,-0.849,-2.25,0,0,2024
Trevor Moore,28,LAK,W,82,1474,31,26,11,244,28,58,92,1.03,-0.54,1.31,1.13,2.99,0,0,2024
Trevor Zegras,22,ANA,C,31,530,6,9,-1,73,30,15,16,-0.01,0.44,-0.69,-0.195,-0.2,0,0,2024
Trey Fix-Wolansky,24,CBJ,W,11,121,2,1,0,17,2,6,11,-0.48,1.13,-0.83,-0.585,-0.21,0,0,2024
Troy Terry,26,ANA,C,76,1390,20,34,-10,172,24,30,17,0.65,-0.45,0.22,0.55,1.35,0,0,2024
Ty Dellandrea,23,DAL,C,42,532,2,7,-10,53,23,17,63,-0.94,-0.6,-0.9,-0.956,-1.3,0,0,2024
Tye Kartye,22,SEA,W,77,911,11,9,-1,109,37,27,229,-0.6,0.8,-0.33,-0.547,-1.36,0,0,2024
Tyler Bertuzzi,28,TOR,W,80,1284,21,22,2,160,53,44,98,0.36,-0.29,0.63,0.443,1.14,0,0,2024
Tyler Johnson,33,CHI,C,67,1041,17,14,-35,112,26,31,48,0.07,-0.89,0.34,0.146,0.32,0,0,2024
Tyler Motte,28,TBL,C,69,859,6,3,-8,83,28,41,97,-1.04,0.63,-0.72,-0.984,-2.19,0,0,2024
Tyler Pitlick,32,NYR,C,34,347,1,3,-6,32,4,15,84,-1.2,0.48,-0.92,-1.157,-1.27,0,0,2024
Tyler Seguin,32,DAL,C,68,1125,25,27,10,154,26,22,61,1,-0.93,1.07,1.047,2.3,0,0,2024
Tyler Toffoli,31,WPG,C,79,1340,33,22,-6,229,14,11,75,0.96,-1.69,1.42,1.108,2.82,0,0,2024
Tyson Foerster,22,PHI,W,77,1330,20,13,0,167,32,49,102,0.09,0,0.42,0.18,0.45,0,0,2024
Tyson Jost,25,BUF,C,43,456,3,3,-11,48,10,20,44,-1.06,-0.16,-0.84,-1.031,-1.43,0,0,2024
Valeri Nichushkin,28,COL,W,54,1153,28,25,5,158,22,24,74,2.06,-1.75,1.9,2.078,3.62,0,0,2024
Valtteri Puustinen,24,PIT,W,52,611,5,15,4,86,6,33,40,-0.41,0.69,-0.8,-0.528,-0.89,0,0,2024
Vasily Podkolzin,22,VAN,W,19,205,0,2,-4,20,8,3,70,-1.33,-0.13,-0.97,-1.268,-0.78,0,0,2024
Victor Olofsson,28,BUF,W,51,590,7,8,-1,66,4,10,22,-0.53,0.49,-0.54,-0.55,-0.9,0,0,2024
Viktor Arvidsson,30,LAK,W,18,300,6,9,4,59,14,18,8,1.25,-0.33,-0.62,0.791,0.46,0,0,2024
Vincent Trocheck,30,NYR,C,82,1759,25,52,16,215,55,86,175,1.25,-0.51,0.5,1.085,2.87,0,0,2024
Vinni Lettieri,28,MIN,C,46,441,5,4,-7,47,24,27,53,-0.85,0.43,-0.67,-0.824,-1.22,0,0,2024
Vinnie Hinostroza,29,PIT,C,14,137,1,2,-3,27,4,7,11,-0.89,-0.23,-0.92,-0.921,-0.42,0,0,2024
Vladimir Tarasenko,32,FLA,W,76,1196,23,32,13,155,12,39,85,0.91,-0.66,1.01,0.963,2.36,0,0,2024
Vladislav Namestnikov,31,WPG,C,78,1128,11,26,17,95,37,45,92,-0.15,0.46,-0.3,-0.198,-0.5,0,0,2024
Walker Duehr,26,CGY,W,40,325,2,5,-3,29,6,13,67,-1.04,1.03,-0.89,-1.025,-1.32,0,0,2024
Waltteri Merela,25,TBL,W,19,187,1,0,2,17,4,6,32,-1.33,1.54,-0.93,-1.259,-0.77,0,0,2024
Warren Foegele,27,EDM,W,82,1146,20,21,3,201,47,32,89,0.23,-0.34,0.18,0.221,0.58,0,0,2024
William Carrier,29,VEG,W,39,436,6,2,3,65,16,16,90,-0.71,1.18,-0.65,-0.713,-0.9,0,0,2024
William Cuylle,21,NYR,W,81,901,13,8,-3,119,56,26,249,-0.56,0.45,-0.15,-0.467,-1.22,0,0,2024
William Eklund,21,SJS,W,80,1493,16,29,-45,128,30,72,39,0.27,-1.6,0.19,0.257,0.66,0,0,2024
William Karlsson,31,VEG,C,70,1232,30,30,15,175,22,46,43,1.34,-0.15,1.61,1.451,3.28,0,0,2024
William Lockwood,25,FLA,W,26,213,0,1,2,19,16,8,54,-1.49,1.48,-0.97,-1.392,-1.17,0,0,2024
William Nylander,27,TOR,C,82,1633,40,58,1,316,24,29,32,2.23,-2.1,1.57,2.115,5.59,0,0,2024
Wyatt Johnston,20,DAL,C,82,1394,32,33,14,216,38,42,52,1.11,-0.94,1.41,1.223,3.24,0,0,2024
Yakov Trenin,27,COL,C,76,1108,12,5,15,116,40,36,207,-0.67,1.36,-0.32,-0.599,-1.47,0,0,2024
Yanni Gourde,32,SEA,C,80,1396,11,22,-11,156,62,52,156,-0.3,-0.05,-0.55,-0.374,-0.97,0,0,2024
Yegor Chinakhov,22,CBJ,W,53,804,16,13,-3,110,6,28,43,0.48,-0.19,0.38,0.467,0.8,0,0,2024
Yegor Sharangovich,25,CGY,C,82,1420,31,28,-29,179,8,44,13,0.92,-1.92,1.72,1.161,3.07,0,0,2024
Zach Benson,18,BUF,W,71,1031,11,19,-3,98,36,35,35,-0.18,-0.08,-0.25,-0.204,-0.47,0,0,2024
Zach Dean,21,STL,C,9,95,0,0,-4,10,6,5,10,-1.53,-0.22,-0.93,-1.411,-0.41,0,0,2024
Zach Hyman,31,EDM,W,80,1560,54,23,36,290,48,37,87,2.4,-0.54,4.85,3.117,8.04,0,0,2024
Zach Parise,39,COL,W,30,389,5,5,-7,50,8,25,20,-0.37,-0.92,-0.68,-0.46,-0.45,0,0,2024
Zach Sanford,29,ARI,W,29,314,0,6,0,24,6,19,24,-1.08,1.29,-0.97,-1.08,-1.01,0,0,2024
Zachary Bolduc,20,STL,C,25,300,5,4,0,38,6,12,12,-0.28,0.63,-0.61,-0.373,-0.3,0,0,2024
Zack MacEwen,27,OTT,C,30,192,2,1,-4,17,57,7,55,-1.15,1.04,-0.82,-1.097,-1.06,0,0,2024
Zemgus Girgensons,30,BUF,C,63,747,8,6,-1,73,21,36,141,-0.75,0.77,-0.5,-0.702,-1.43,0,0,2024
Aaron Ekblad,27,FLA,D,51,1064,4,14,27,98,50,59,85,0.29,1.71,-0.33,1.54,2.71,0,0,2024
Adam Boqvist,23,CBJ,D,35,640,1,9,-8,45,0,42,11,-0.22,-0.53,-0.69,-0.637,-0.77,0,0,2024
Adam Fox,25,NYR,D,72,1688,17,56,21,137,36,123,44,3.15,-1.07,4.75,2.629,6.53,0,0,2024
Adam Ginning,24,PHI,D,9,127,1,0,0,6,0,9,18,-0.65,0.25,-0.32,-0.533,-0.17,0,0,2024
Adam Larsson,31,SEA,D,81,1859,4,14,6,130,55,151,162,-0.41,0.65,-0.43,0.002,0.01,0,0,2024
Adam Pelech,29,NYI,D,58,1176,1,15,-2,71,27,111,64,-0.32,-0.04,-0.71,-0.387,-0.77,0,0,2024
Alec Martinez,36,VEG,D,55,1047,4,13,-2,72,6,165,29,0.08,-0.12,-0.17,-0.019,-0.04,0,0,2024
Alex Goligoski,38,MIN,D,36,533,0,10,-8,32,18,41,27,-0.39,-0.68,-0.75,-0.932,-1.16,0,0,2024
Alex Pietrangelo,34,VEG,D,64,1508,4,29,-5,141,24,160,46,0.88,-0.69,-0.45,0.447,0.99,0,0,2024
Alex Vlasic,22,CHI,D,76,1632,2,14,-4,71,45,148,56,-0.58,0.88,-0.6,-0.006,-0.02,0,0,2024
Alexander Alexeyev,24,WSH,D,39,534,1,2,-8,20,6,59,48,-1.24,0.02,-0.62,-1.348,-1.81,0,0,2024
Alexander Romanov,24,NYI,D,81,1688,7,15,23,117,20,171,157,-0.03,1.31,0.34,0.91,2.54,0,0,2024
Alexandre Carrier,27,NSH,D,73,1372,4,16,7,77,44,137,60,-0.16,0.32,-0.21,0.045,0.11,0,0,2024
Andreas Englund,28,LAK,D,82,1084,1,9,-3,41,81,87,189,-1.08,0.05,-0.69,-1.152,-3.26,0,0,2024
Andrew Peeke,25,BOS,D,38,623,1,9,-1,37,14,78,88,-0.33,-0.49,-0.68,-0.734,-0.96,0,0,2024
Arber Xhekaj,23,MTL,D,44,701,3,7,6,61,81,49,125,-0.31,0.77,-0.37,0.213,0.32,0,0,2024
Artem Zub,28,OTT,D,69,1450,5,20,5,85,32,122,139,0.3,0.49,0.02,0.67,1.59,0,0,2024
Ben Chiarot,32,DET,D,77,1523,5,15,-4,107,56,167,163,-0.17,0.21,-0.14,-0.054,-0.14,0,0,2024
Ben Hutton,30,VEG,D,41,667,2,8,12,67,17,54,17,-0.32,1.39,-0.6,0.646,0.91,0,0,2024
Bowen Byram,22,BUF,D,73,1485,11,18,0,84,53,104,94,0.76,-0.75,3,0.27,0.68,0,0,2024
Braden Schneider,22,NYR,D,82,1304,5,14,-1,95,16,133,167,-0.32,-0.09,-0.06,-0.426,-1.21,0,0,2024
Brady Skjei,29,CAR,D,80,1702,13,34,15,185,40,90,69,1.53,-0.42,1.63,1.341,3.7,0,0,2024
Brandon Carlo,27,BOS,D,76,1513,4,10,23,79,42,140,140,-0.58,1.19,-0.22,0.222,0.58,0,0,2024
Brandon Montour,29,FLA,D,66,1548,8,25,1,168,46,67,104,1.05,-1.3,0.24,0.181,0.41,0,0,2024
Brandt Clarke,20,LAK,D,16,218,2,4,-6,31,10,21,6,0.57,-2.36,-0.41,-1.106,-0.61,0,0,2024
Brayden McNabb,33,VEG,D,82,1587,4,22,18,86,37,207,149,0.01,0.95,-0.27,0.679,1.92,0,0,2024
Brayden Pachal,24,VEG,D,50,734,2,5,-3,52,51,68,129,-0.85,0.19,-0.55,-0.801,-1.38,0,0,2024
Brendan Smith,34,NJD,D,63,1014,5,10,-3,60,61,101,117,-0.21,0.18,0.34,-0.107,-0.23,0,0,2024
Brenden Dillon,33,WPG,D,77,1443,8,12,20,79,92,111,241,-0,0.37,1.36,0.253,0.67,0,0,2024
Brent Burns,38,CAR,D,82,1763,10,33,19,185,20,87,41,1.14,0.24,0.66,1.407,3.98,0,0,2024
Brett Kulak,30,EDM,D,82,1262,3,13,0,94,30,88,77,-0.6,-0.11,-0.5,-0.746,-2.11,0,0,2024
Brett Pesce,29,CAR,D,70,1420,3,10,10,107,20,113,25,-0.62,1.07,-0.53,0.092,0.22,0,0,2024
Brian Dumoulin,32,SEA,D,80,1361,6,10,3,69,20,79,72,-0.4,0.48,0.61,-0.104,-0.29,0,0,2024
Brock Faber,21,MIN,D,82,2048,8,39,-1,136,26,150,65,1.24,-0.62,0.48,0.876,2.48,0,0,2024
Cale Makar,25,COL,D,77,1907,21,69,15,231,16,148,37,3.69,-1.84,4.23,2.661,7.06,0,0,2024
Caleb Jones,26,COL,D,25,305,0,5,4,19,8,26,34,-0.75,0.75,-0.75,-0.287,-0.25,0,0,2024
Calen Addison,23,MIN,D,72,1243,1,16,-38,93,72,83,48,-0.52,-1.99,-0.72,-2.021,-5.02,0,0,2024
Calvin de Haan,32,TBL,D,59,981,3,7,-9,56,22,82,96,-0.66,-0.08,-0.33,-0.783,-1.59,0,0,2024
Cam Fowler,32,ANA,D,81,1978,5,34,-36,109,24,119,41,0.75,-1.51,-0.15,-0.302,-0.84,0,0,2024
Cameron York,23,PHI,D,82,1855,10,20,-13,134,44,174,76,0.52,-1.06,1.19,-0.212,-0.6,0,0,2024
Carson Soucy,29,VAN,D,40,699,2,4,10,29,12,64,65,-0.75,1.2,-0.39,0.039,0.05,0,0,2024
Chad Ruhwedel,33,NYR,D,52,660,1,3,-6,35,4,44,90,-1.27,-0.12,-0.68,-1.484,-2.66,0,0,2024
Charlie McAvoy,26,BOS,D,74,1839,12,35,4,133,86,159,159,1.69,-1.32,2.07,0.873,2.23,0,0,2024
Chris Tanev,34,DAL,D,75,1476,2,17,22,56,24,207,45,-0.38,1.56,-0.56,0.708,1.83,0,0,2024
Cody Ceci,30,EDM,D,79,1582,5,20,12,97,14,106,91,0.07,0.33,-0.08,0.3,0.82,0,0,2024
Colin Miller,31,WPG,D,46,722,4,5,8,69,26,37,91,-0.36,0.19,-0.15,-0.273,-0.43,0,0,2024
Colton Parayko,30,STL,D,82,1957,10,16,4,154,23,218,113,0.32,0.19,0.94,0.474,1.34,0,0,2024
Connor Clifton,28,BUF,D,79,1308,4,14,12,77,88,117,204,-0.38,0.83,-0.21,0.17,0.46,0,0,2024
Connor Murphy,30,CHI,D,46,912,2,6,-19,51,40,113,116,-0.67,-0.33,-0.55,-0.985,-1.56,0,0,2024
Conor Timmins,25,TOR,D,25,401,1,9,9,25,18,28,34,0.33,1.14,-0.65,1.167,1.01,0,0,2024
Daemon Hunt,21,MIN,D,12,138,0,1,-1,7,0,17,8,-1.34,0.37,-0.75,-1.199,-0.5,0,0,2024
Dakota Mermis,30,MIN,D,47,662,3,5,-2,42,33,59,45,-0.59,0.22,-0.19,-0.498,-0.81,0,0,2024
Damon Severson,29,CBJ,D,67,1417,9,19,-10,88,51,83,45,0.78,-0.72,1.65,0.314,0.73,0,0,2024
Daniil Miromanov,26,VEG,D,24,497,3,4,-2,46,8,34,7,0.23,-0.38,-0.24,-0.045,-0.04,0,0,2024
Dante Fabbro,25,NSH,D,56,916,3,10,9,65,24,88,45,-0.35,0.72,-0.39,0.129,0.25,0,0,2024
Darnell Nurse,28,EDM,D,81,1773,10,22,3,181,79,172,168,0.65,-0.7,0.69,0.178,0.5,0,0,2024
Darren Raddysh,27,TBL,D,82,1567,6,27,-3,101,21,105,75,0.47,-0.11,0.18,0.418,1.18,0,0,2024
David Jiříček,20,CBJ,D,43,628,1,9,-4,38,22,45,23,-0.49,0.27,-0.68,-0.353,-0.52,0,0,2024
David Savard,33,MTL,D,60,1214,6,18,-1,54,24,163,69,0.57,-0.25,0.99,0.428,0.89,0,0,2024
Declan Chisholm,24,WPG,D,31,512,3,6,-7,29,18,38,12,0.1,-1.62,0.06,-1.079,-1.15,0,0,2024
Dennis Gilbert,27,CGY,D,34,418,1,6,-7,23,16,49,59,-0.58,-0.33,-0.64,-0.892,-1.05,0,0,2024
Derek Forbort,31,BOS,D,35,623,0,4,8,22,17,65,68,-1.18,1.13,-0.75,-0.476,-0.57,0,0,2024
Devon Toews,29,COL,D,82,1921,12,38,28,159,18,110,74,1.55,0.33,1.61,1.905,5.39,0,0,2024
Dmitry Kulikov,33,FLA,D,76,1255,1,19,15,74,63,84,145,-0.39,0.45,-0.72,-0.115,-0.3,0,0,2024
Dmitry Orlov,32,CAR,D,82,1420,6,20,4,129,36,60,116,0.11,-0.13,-0.02,0.012,0.03,0,0,2024
Dougie Hamilton,30,NJD,D,20,420,5,11,-8,61,20,24,18,2.54,-2.02,0.32,1.28,0.88,0,0,2024
Drew Doughty,34,LAK,D,82,2115,15,35,15,135,44,142,109,1.68,-0.46,3.59,1.476,4.17,0,0,2024
Dylan DeMelo,30,WPG,D,82,1782,3,28,46,83,36,139,167,0.22,1.48,-0.47,1.292,3.65,0,0,2024
Dylan Samberg,25,WPG,D,78,1219,1,17,16,77,43,111,65,-0.55,0.39,-0.72,-0.323,-0.87,0,0,2024
Emil Martinsen Lilleberg,22,TBL,D,37,600,0,5,-15,31,16,48,105,-1.07,-0.73,-0.75,-1.708,-2.18,0,0,2024
Erik Brännström,24,OTT,D,76,1261,3,17,5,77,36,111,46,-0.27,0.76,-0.45,0.241,0.63,0,0,2024
Erik Gudbranson,32,CBJ,D,78,1533,6,20,-14,91,74,170,92,0.2,-0.52,0.28,-0.177,-0.48,0,0,2024
Erik Gustafsson,31,NYR,D,76,1322,6,25,3,93,35,66,63,0.52,-0.34,0.26,0.299,0.78,0,0,2024
Erik Johnson,35,PHI,D,67,970,5,1,-14,60,26,97,143,-0.93,-0.55,0.34,-1.426,-3.3,0,0,2024
Erik Karlsson,33,PIT,D,82,1990,11,45,4,213,44,99,40,1.76,-1.16,0.73,1.06,3,0,0,2024
Erik Černák,26,TBL,D,69,1324,2,11,5,53,63,109,198,-0.67,0.62,-0.55,-0.291,-0.69,0,0,2024
Esa Lindell,29,DAL,D,82,1679,5,21,17,114,12,162,74,0.06,0.67,-0.18,0.54,1.53,0,0,2024
Ethan Bear,26,WSH,D,24,358,1,3,-5,24,10,31,16,-0.71,-0.26,-0.64,-0.979,-0.81,0,0,2024
Evan Bouchard,24,EDM,D,81,1863,18,64,34,220,32,105,71,3.1,-0.57,3.09,2.946,8.23,0,0,2024
Filip Hronek,26,VAN,D,81,1899,5,43,33,148,38,87,104,1.17,0.8,-0.31,1.841,5.14,0,0,2024
Gustav Forsling,27,FLA,D,79,1749,10,29,56,160,43,102,111,1.05,2.13,0.88,2.668,7.27,0,0,2024
Gustav Lindström,25,MTL,D,46,708,3,7,12,29,24,63,63,-0.36,1.3,0.06,0.528,0.84,0,0,2024
Hampus Lindholm,30,BOS,D,73,1700,3,23,18,99,63,100,49,0.14,0.55,-0.51,0.538,1.35,0,0,2024
Haydn Fleury,27,TBL,D,24,387,1,4,5,25,20,40,31,-0.52,0.99,-0.65,0.145,0.12,0,0,2024
Henri Jokiharju,24,BUF,D,74,1405,3,17,14,84,24,106,92,-0.24,0.95,-0.47,0.415,1.06,0,0,2024
Henry Thrun,22,SJS,D,51,1020,3,8,-22,48,16,71,26,-0.4,-0.29,-0.26,-0.66,-1.16,0,0,2024
Ian Cole,34,VAN,D,78,1458,2,9,10,61,61,166,83,-0.92,0.59,-0.58,-0.581,-1.56,0,0,2024
Ian Mitchell,25,BOS,D,13,199,0,2,6,11,10,13,3,-0.98,2.14,-0.75,0.474,0.21,0,0,2024
Ilya Lyubushkin,29,TOR,D,74,1267,0,8,-11,47,57,168,176,-1.21,-0.3,-0.75,-1.545,-3.94,0,0,2024
Ilya Solovyov,23,CGY,D,10,159,0,3,-3,10,4,17,14,-0.28,-0.86,-0.75,-0.949,-0.33,0,0,2024
Isaak Phillips,22,CHI,D,33,563,0,6,-26,31,22,36,56,-0.84,-1.57,-0.75,-2.065,-2.35,0,0,2024
Ivan Provorov,27,CBJ,D,82,1817,5,27,-11,107,20,155,66,0.37,-0.4,-0.14,0.098,0.28,0,0,2024
J.J. Moser,23,ARI,D,80,1646,5,21,-5,77,35,112,99,0.1,-0.23,0.1,-0.071,-0.19,0,0,2024
Jaccob Slavin,29,CAR,D,81,1695,6,31,21,151,8,120,55,0.7,0.83,-0.13,1.346,3.76,0,0,2024
Jack Johnson,37,COL,D,80,1194,3,13,15,76,38,89,78,-0.57,0.79,-0.44,-0.064,-0.18,0,0,2024
Jackson LaCombe,23,ANA,D,71,1376,2,15,-24,55,24,129,50,-0.43,-0.63,-0.56,-0.94,-2.3,0,0,2024
Jacob Bernard-Docker,23,OTT,D,72,1130,4,10,-7,51,25,156,62,-0.52,0.14,0.07,-0.477,-1.18,0,0,2024
Jacob Bryson,26,BUF,D,36,528,1,7,5,15,8,40,17,-0.52,0.84,-0.58,0.032,0.04,0,0,2024
Jacob MacDonald,30,SJS,D,34,409,7,2,-14,49,23,17,40,0.45,-0.71,1.86,-0.036,-0.04,0,0,2024
Jacob Middleton,28,MIN,D,80,1585,7,18,-15,85,77,161,148,0.16,-0.8,0.75,-0.428,-1.18,0,0,2024
Jacob Moverare,25,LAK,D,24,251,1,0,0,11,6,23,12,-1.34,0.34,-0.51,-1.227,-1.02,0,0,2024
Jacob Trouba,29,NYR,D,69,1466,3,19,-4,129,73,183,191,-0.01,-0.54,-0.57,-0.416,-0.99,0,0,2024
Jake Bean,25,CBJ,D,72,1176,4,9,-10,76,32,110,28,-0.58,0.09,-0.2,-0.579,-1.44,0,0,2024
Jake Christiansen,24,CBJ,D,12,159,0,2,-5,7,2,15,10,-0.92,-1.08,-0.75,-1.792,-0.74,0,0,2024
Jake McCabe,30,TOR,D,73,1508,8,20,20,73,56,129,219,0.54,0.67,1.53,1.063,2.68,0,0,2024
Jake Sanderson,21,OTT,D,79,1834,10,28,8,158,23,139,49,1,0.23,0.9,1.233,3.36,0,0,2024
Jake Walman,27,DET,D,63,1245,12,9,-2,108,44,151,42,0.67,-0.14,2.73,0.611,1.33,0,0,2024
Jakob Chychrun,25,OTT,D,82,1836,14,27,-30,204,60,154,72,1.24,-2.06,1.75,-0.166,-0.47,0,0,2024
Jalen Chatfield,27,CAR,D,72,1094,8,14,15,90,24,66,58,0.23,0.88,1.1,0.866,2.15,0,0,2024
Jamie Drysdale,21,ANA,D,34,667,3,7,-20,55,8,43,26,0.08,-1.74,-0.32,-1.193,-1.4,0,0,2024
Jamie Oleksiak,31,SEA,D,82,1611,2,13,-2,108,37,177,110,-0.72,0.35,-0.65,-0.541,-1.53,0,0,2024
Jan Rutta,33,SJS,D,69,1361,5,14,-21,69,38,110,69,-0.07,0.2,0.19,0.051,0.12,0,0,2024
Jani Hakanpää,31,DAL,D,64,1193,2,10,10,56,33,123,196,-0.66,0.86,-0.56,-0.111,-0.25,0,0,2024
Jared Spurgeon,34,MIN,D,16,373,0,5,5,21,2,29,14,-0.23,1.64,-0.75,0.922,0.51,0,0,2024
Jarred Tinordi,31,CHI,D,52,814,0,9,-27,32,64,94,171,-0.88,-0.62,-0.75,-1.428,-2.56,0,0,2024
Jaycob Megna,31,CHI,D,44,771,0,2,-15,28,22,87,60,-1.54,0.21,-0.75,-1.535,-2.33,0,0,2024
Jayden Struble,22,MTL,D,56,902,3,7,-3,47,57,53,121,-0.6,0.14,-0.25,-0.565,-1.09,0,0,2024
Jeff Petry,36,DET,D,73,1372,3,21,-7,84,39,134,150,0.03,-0.08,-0.47,-0.047,-0.12,0,0,2024
Jeremy Lauzon,26,NSH,D,79,1470,6,8,-3,103,98,111,386,-0.5,-0.14,0.16,-0.659,-1.79,0,0,2024
Joel Edmundson,30,TOR,D,53,883,1,5,-2,46,23,65,80,-1.09,0.12,-0.69,-1.112,-2.03,0,0,2024
Joel Hanley,32,CGY,D,42,584,1,4,3,19,30,47,48,-1.03,1.02,-0.61,-0.402,-0.58,0,0,2024
John Carlson,34,WSH,D,82,2123,10,42,-7,176,40,194,69,1.55,-1.01,0.73,0.934,2.64,0,0,2024
John Klingberg,31,TOR,D,14,288,0,5,-7,14,8,15,13,-0.03,-2.29,-0.75,-1.71,-0.83,0,0,2024
John Ludvig,23,PIT,D,33,390,3,2,-12,24,47,33,72,-0.55,-1.76,0.23,-1.89,-2.15,0,0,2024
John Marino,26,NJD,D,75,1572,4,21,-6,57,41,89,39,0.1,-0.02,-0.02,0.076,0.2,0,0,2024
John St. Ivany,24,PIT,D,14,192,0,1,0,11,2,14,30,-1.4,0.39,-0.75,-1.259,-0.61,0,0,2024
Johnathan Kovacevic,26,MTL,D,62,1024,6,7,11,46,42,83,75,-0.26,0.92,1.29,0.37,0.79,0,0,2024
Jonas Brodin,30,MIN,D,62,1449,7,20,22,117,16,142,21,0.77,1.3,0.34,1.758,3.76,0,0,2024
Jonas Siegenthaler,26,NJD,D,57,1102,1,8,-7,63,20,97,87,-0.87,0.17,-0.71,-0.841,-1.65,0,0,2024
Jonathon Merrill,31,MIN,D,65,831,4,7,0,42,30,57,37,-0.61,0.42,0.24,-0.371,-0.83,0,0,2024
Jordan Harris,23,MTL,D,56,978,3,11,-5,43,22,86,26,-0.27,-0.15,-0.21,-0.413,-0.8,0,0,2024
Jordan Oesterle,31,CGY,D,22,297,0,2,-6,18,4,33,22,-1.3,-0.31,-0.75,-1.653,-1.25,0,0,2024
Jordan Spence,22,LAK,D,71,1024,2,22,5,80,12,55,67,0.01,0.01,-0.62,0,0,0,0,2024
Josh Brown,30,ARI,D,51,752,3,7,2,44,75,85,112,-0.49,0.5,-0.22,-0.188,-0.33,0,0,2024
Josh Mahura,25,FLA,D,30,378,0,9,-2,25,20,27,40,-0.28,-0.91,-0.75,-0.987,-1.02,0,0,2024
Josh Manson,32,COL,D,76,1352,8,17,11,123,87,109,211,0.3,0.17,0.61,0.434,1.14,0,0,2024
Josh Morrissey,28,WPG,D,81,1959,10,59,34,196,44,103,90,2.3,-0.21,0.58,2.328,6.5,0,0,2024
Justin Barron,22,MTL,D,48,894,7,6,-3,60,16,59,61,0.23,-0.26,1.38,0.04,0.07,0,0,2024
Justin Faulk,31,STL,D,60,1318,2,28,-2,132,39,104,83,0.71,-0.48,-0.67,0.406,0.84,0,0,2024
Justin Holl,32,DET,D,38,573,0,5,8,14,22,39,59,-1.09,1.78,-0.75,0.086,0.11,0,0,2024
Justin Schultz,33,SEA,D,70,1153,7,19,-23,100,22,68,26,0.46,-1.59,0.53,-0.673,-1.62,0,0,2024
Juuso Välimäki,25,ARI,D,68,1298,2,15,12,69,12,90,69,-0.38,1.04,-0.6,0.329,0.77,0,0,2024
K'Andre Miller,24,NYR,D,80,1725,8,22,5,96,49,117,148,0.47,-0.18,0.99,0.364,1,0,0,2024
Kaedan Korczak,23,VEG,D,26,429,1,8,12,32,8,31,43,0.09,1.89,-0.67,1.45,1.3,0,0,2024
Kaiden Guhle,22,MTL,D,70,1460,6,16,-8,95,56,178,116,0.16,-0.44,0.24,-0.163,-0.39,0,0,2024
Kevin Bahl,23,NJD,D,82,1427,1,10,1,63,82,103,151,-1.02,0.63,-0.71,-0.665,-1.88,0,0,2024
Kevin Korchinski,19,CHI,D,76,1491,5,10,-39,93,20,82,26,-0.45,-0.76,-0.05,-1.058,-2.77,0,0,2024
Kevin Shattenkirk,35,BOS,D,61,963,6,18,-2,78,18,85,63,0.54,-1,0.45,-0.156,-0.33,0,0,2024
Kris Letang,36,PIT,D,82,2024,10,41,13,164,62,136,137,1.5,-0.46,0.84,1.285,3.63,0,0,2024
Kurtis MacDermid,29,NJD,D,45,217,2,1,4,16,73,11,83,-1.19,0.92,-0.1,-0.65,-1.01,0,0,2024
Kyle Burroughs,28,SJS,D,73,1398,2,6,-42,79,71,134,233,-1.06,-0.69,-0.62,-1.672,-4.21,0,0,2024
Logan Stanley,25,WPG,D,25,344,1,1,4,29,36,40,45,-1.15,0.46,-0.66,-0.932,-0.8,0,0,2024
Louis Belpedio,27,PHI,D,12,158,2,2,6,12,0,18,16,0.57,1.88,0.12,1.97,0.82,0,0,2024
Louis Crevier,22,CHI,D,24,376,0,3,-16,18,4,50,30,-1.12,-1.05,-0.75,-1.998,-1.65,0,0,2024
Luke Hughes,20,NJD,D,82,1761,9,38,-25,135,28,55,24,1.28,-1.16,0.81,0.534,1.51,0,0,2024
Luke Schenn,34,NSH,D,63,957,1,6,1,81,43,76,202,-1.11,0.42,-0.72,-0.925,-2.01,0,0,2024
MacKenzie Weegar,30,CGY,D,82,1880,20,32,2,208,51,200,194,1.97,-0.71,4.26,1.613,4.56,0,0,2024
Marc Del Gaizo,24,NSH,D,9,148,0,3,2,8,2,10,20,-0.13,0.9,-0.75,0.492,0.15,0,0,2024
Marc Staal,37,PHI,D,35,483,1,4,2,20,14,44,31,-0.89,0.63,-0.62,-0.531,-0.64,0,0,2024
Marc-Édouard Vlasic,36,SJS,D,57,928,6,6,-27,72,26,108,35,-0.21,-0.62,0.55,-0.7,-1.38,0,0,2024
Marco Scandella,33,STL,D,65,811,2,6,2,42,15,49,70,-0.98,0.84,-0.5,-0.47,-1.05,0,0,2024
Marcus Pettersson,27,PIT,D,82,1859,4,26,28,106,44,159,121,0.22,1.2,-0.36,1.09,3.08,0,0,2024
Mario Ferraro,25,SJS,D,78,1784,3,18,-38,124,36,195,124,-0.25,-0.67,-0.56,-0.776,-2.09,0,0,2024
Mark Friedman,28,VAN,D,23,281,0,1,4,16,21,35,33,-1.55,1.22,-0.75,-0.818,-0.65,0,0,2024
Mark Giordano,40,TOR,D,46,764,3,6,10,59,49,86,51,-0.46,0.92,-0.35,0.147,0.23,0,0,2024
Martin Fehérváry,24,WSH,D,66,1296,3,13,-7,61,24,109,188,-0.34,0.05,-0.37,-0.348,-0.79,0,0,2024
Mason Lohrei,23,BOS,D,41,695,4,9,-2,43,18,63,32,0.22,-0.9,0.22,-0.427,-0.6,0,0,2024
Mathew Dumba,29,TBL,D,76,1500,4,8,-18,86,88,108,202,-0.7,-0.32,-0.27,-1.012,-2.65,0,0,2024
Matt Benning,29,SJS,D,14,259,0,2,-5,13,14,29,19,-1.03,0.46,-0.75,-0.804,-0.39,0,0,2024
Matt Grzelcyk,30,BOS,D,63,1109,2,9,13,59,37,76,53,-0.72,0.81,-0.57,-0.215,-0.47,0,0,2024
Matt Roy,28,LAK,D,81,1692,5,20,21,135,42,197,152,0.03,0.87,-0.27,0.647,1.81,0,0,2024
Matthew Kessel,23,STL,D,39,655,1,6,0,28,12,65,40,-0.73,0.55,-0.66,-0.41,-0.55,0,0,2024
Mattias Ekholm,33,EDM,D,79,1663,11,34,44,177,47,93,136,1.38,1.68,1.03,2.703,7.36,0,0,2024
Mattias Samuelsson,23,BUF,D,41,841,1,6,4,44,26,87,106,-0.78,0.76,-0.69,-0.308,-0.44,0,0,2024
Maxwell Crozier,23,TBL,D,13,168,0,2,-2,13,7,11,16,-0.98,0.02,-0.75,-1.063,-0.48,0,0,2024
Michael Anderson,24,LAK,D,74,1527,2,16,22,89,18,129,128,-0.42,1.28,-0.63,0.454,1.16,0,0,2024
Michael Kesselring,24,ARI,D,65,1027,5,16,11,76,66,59,106,0.16,0.75,0.11,0.698,1.56,0,0,2024
Mike Matheson,29,MTL,D,82,2095,11,51,-24,187,58,186,61,2.01,-2.13,0.94,0.63,1.78,0,0,2024
Mike Reilly,30,FLA,D,61,1047,6,18,-1,126,30,60,47,0.54,-1.14,-0.01,-0.255,-0.54,0,0,2024
Mikhail Sergachev,25,TBL,D,34,767,2,17,-16,53,16,69,36,1.04,-1.67,-0.55,-0.102,-0.12,0,0,2024
Miro Heiskanen,24,DAL,D,71,1742,9,45,8,162,36,97,55,2,-1.62,0.55,0.988,2.42,0,0,2024
Morgan Rielly,29,TOR,D,72,1709,7,51,7,173,27,137,98,2.06,-0.93,-0.01,1.546,3.84,0,0,2024
Moritz Seider,22,DET,D,82,1833,9,33,-7,135,51,213,211,1.05,-0.59,0.81,0.703,1.99,0,0,2024
Nate Schmidt,32,WPG,D,63,1059,2,12,10,75,16,76,66,-0.5,0.19,-0.61,-0.42,-0.91,0,0,2024
Neal Pionk,28,WPG,D,82,1708,5,28,9,146,63,118,221,0.42,-0.43,-0.3,0.134,0.38,0,0,2024
Nick Blankenburg,25,CBJ,D,12,195,1,0,1,10,4,15,21,-0.92,1.33,-0.49,-0.045,-0.02,0,0,2024
Nick DeSimone,29,NJD,D,34,458,2,5,3,28,4,42,29,-0.45,0.68,-0.38,-0.008,-0.01,0,0,2024
Nick Jensen,33,WSH,D,78,1531,1,13,-9,71,10,123,62,-0.79,0.24,-0.71,-0.698,-1.88,0,0,2024
Nick Leddy,32,STL,D,82,1834,3,25,14,82,14,127,51,0.06,0.99,-0.46,0.766,2.17,0,0,2024
Nick Seeler,30,PHI,D,71,1203,1,12,9,100,78,205,132,-0.77,0.88,-0.72,-0.21,-0.51,0,0,2024
Nicklaus Perbix,25,TBL,D,77,1315,2,22,8,57,10,114,80,-0.12,0.54,-0.57,0.247,0.65,0,0,2024
Nicolas Hague,25,VEG,D,73,1354,2,10,-5,105,43,111,153,-0.79,0.13,-0.65,-0.78,-1.96,0,0,2024
Nikita Okhotyuk,23,CGY,D,52,827,1,8,-24,52,48,80,147,-0.79,-1.31,-0.7,-1.824,-3.27,0,0,2024
Nikita Zadorov,28,CGY,D,75,1308,6,14,0,90,125,68,177,-0.08,0.29,0.29,0.115,0.3,0,0,2024
Nikita Zaitsev,32,CHI,D,38,605,2,5,-5,31,14,70,69,-0.58,0.61,-0.41,-0.204,-0.27,0,0,2024
Niko Mikkola,27,FLA,D,82,1643,3,14,11,93,69,124,198,-0.54,0.22,-0.5,-0.448,-1.27,0,0,2024
Nikolai Knyzhov,25,SJS,D,10,176,0,1,-6,6,6,17,13,-1.25,-0.72,-0.75,-1.9,-0.66,0,0,2024
Nils Lundkvist,23,DAL,D,59,832,2,17,13,73,16,38,44,-0.04,0.83,-0.61,0.55,1.12,0,0,2024
Noah Dobson,24,NYI,D,79,1936,10,60,12,174,36,180,84,2.42,-0.86,0.75,1.991,5.42,0,0,2024
Noah Hanifin,27,VEG,D,80,1889,13,34,19,164,24,121,63,1.53,0.24,1.94,1.82,5.02,0,0,2024
Noah Juulsen,26,VAN,D,54,804,1,6,-1,30,22,85,164,-1.01,-0.21,-0.66,-1.261,-2.35,0,0,2024
Olen Zellweger,20,ANA,D,26,501,2,7,-6,34,4,38,14,0.25,-0.52,-0.44,-0.115,-0.1,0,0,2024
Oliver Ekman-Larsson,32,FLA,D,80,1472,9,23,10,123,76,70,105,0.62,-0.49,0.97,0.307,0.85,0,0,2024
Oliver Kylington,26,CGY,D,33,569,3,5,-6,42,12,51,24,-0.13,-0.44,-0.19,-0.479,-0.55,0,0,2024
Olli Määttä,29,DET,D,72,1156,4,14,14,48,14,96,53,-0.26,1.33,0.12,0.663,1.65,0,0,2024
Owen Power,21,BUF,D,76,1742,6,27,8,108,28,115,45,0.63,-0.08,0.12,0.611,1.6,0,0,2024
Parker Wotherspoon,26,BOS,D,41,727,0,8,6,32,31,67,84,-0.78,0.55,-0.75,-0.46,-0.65,0,0,2024
Pavel Mintyukov,20,ANA,D,63,1187,4,24,-20,88,24,65,85,0.6,-0.99,-0.28,-0.074,-0.16,0,0,2024
Philip Broberg,22,EDM,D,12,139,0,2,-3,6,0,10,4,-0.92,-1.33,-0.75,-1.974,-0.82,0,0,2024
Pierre-Olivier Joseph,24,PIT,D,52,784,2,9,-3,42,14,44,47,-0.52,-0.32,-0.5,-0.805,-1.44,0,0,2024
Quinn Hughes,24,VAN,D,82,2024,17,75,38,199,38,55,29,3.38,-0.84,3.04,3.046,8.61,0,0,2024
Radko Gudas,33,ANA,D,66,1287,6,12,14,88,128,154,232,-0,1.2,0.32,0.852,1.94,0,0,2024
Rasmus Andersson,27,CGY,D,78,1858,9,30,-11,159,47,186,42,1.03,-0.86,0.58,0.481,1.29,0,0,2024
Rasmus Dahlin,23,BUF,D,81,2059,20,39,-3,235,66,154,195,2.3,-2.14,3.69,0.932,2.6,0,0,2024
Rasmus Ristolainen,29,PHI,D,31,517,1,3,-6,46,8,45,56,-0.94,-0.48,-0.69,-1.387,-1.48,0,0,2024
Rasmus Sandin,23,WSH,D,68,1436,3,20,-13,79,24,106,75,0.08,-0.61,-0.45,-0.369,-0.87,0,0,2024
Robert Bortuzzo,34,STL,D,27,371,0,0,0,11,27,51,38,-1.79,1.08,-0.75,-1.175,-1.09,0,0,2024
Roman Josi,33,NSH,D,82,2020,23,62,12,268,45,151,46,3.34,-1.78,4.4,2.328,6.58,0,0,2024
Ronald Attard,24,PHI,D,12,185,0,2,1,14,6,14,22,-0.92,0.75,-0.75,-0.464,-0.19,0,0,2024
Ryan Graves,28,PIT,D,70,1287,3,11,10,77,30,142,72,-0.55,0.66,-0.45,-0.135,-0.33,0,0,2024
Ryan Johnson,22,BUF,D,41,569,0,7,3,35,12,39,8,-0.9,0.69,-0.75,-0.486,-0.69,0,0,2024
Ryan Lindgren,25,NYR,D,76,1471,3,14,22,73,36,103,114,-0.45,1.69,-0.43,0.714,1.87,0,0,2024
Ryan McDonagh,34,NSH,D,74,1612,3,29,19,91,31,139,38,0.46,0.74,-0.49,1.021,2.6,0,0,2024
Ryan Pulock,29,NYI,D,58,1308,5,14,3,90,12,149,99,0.21,0.08,-0.03,0.279,0.56,0,0,2024
Ryan Shea,26,PIT,D,31,391,1,0,1,17,6,24,24,-1.44,0.56,-0.6,-1.175,-1.26,0,0,2024
Ryan Suter,39,DAL,D,82,1553,2,15,14,102,28,111,86,-0.6,0.91,-0.65,-0.006,-0.02,0,0,2024
Ryker Evans,22,SEA,D,36,690,1,8,-5,44,20,38,62,-0.39,-0.32,-0.69,-0.664,-0.82,0,0,2024
Sam Malinski,25,COL,D,23,327,3,7,3,31,6,22,14,0.83,-0.19,0.01,0.755,0.6,0,0,2024
Samuel Bolduc,23,NYI,D,34,447,2,3,-4,32,6,40,44,-0.72,-0.23,-0.42,-0.966,-1.13,0,0,2024
Samuel Girard,25,COL,D,59,1144,3,15,0,73,10,99,76,-0.04,-0.3,-0.43,-0.271,-0.55,0,0,2024
Santeri Hatakka,23,NJD,D,12,176,0,2,5,12,4,12,14,-0.92,1.84,-0.75,0.32,0.13,0,0,2024
Scott Mayfield,31,NYI,D,41,769,0,5,-7,36,35,106,70,-1.14,-0.28,-0.75,-1.456,-2.06,0,0,2024
Scott Perunovich,25,STL,D,54,825,0,17,1,36,12,53,30,-0.22,0.36,-0.75,0.008,0.01,0,0,2024
Sean Durzi,25,ARI,D,76,1727,9,32,-1,142,63,160,44,1.19,-0.6,0.74,0.84,2.2,0,0,2024
Sean Walker,29,COL,D,81,1558,10,19,11,150,50,127,118,0.5,0.02,0.99,0.542,1.51,0,0,2024
Seth Jones,29,CHI,D,67,1707,8,23,-15,172,34,131,77,0.9,-0.31,0.22,0.737,1.7,0,0,2024
Shayne Gostisbehere,30,DET,D,81,1546,10,46,-16,139,16,75,29,1.76,-1.5,1.12,0.808,2.26,0,0,2024
Shea Theodore,28,VEG,D,47,1038,5,37,4,105,6,78,9,2.38,-0.88,-0.13,1.932,3.13,0,0,2024
Simon Benoit,25,TOR,D,64,1103,1,4,7,52,56,102,246,-1.28,0.82,-0.7,-0.819,-1.81,0,0,2024
Simon Edvinsson,20,DET,D,16,292,1,1,0,13,4,25,26,-0.81,0.73,-0.55,-0.368,-0.2,0,0,2024
Simon Nemec,19,NJD,D,60,1192,3,16,-7,73,33,105,22,0.01,-0.1,-0.43,-0.078,-0.16,0,0,2024
Spencer Stastney,24,NSH,D,20,320,2,2,9,11,4,29,2,-0.28,2.06,0.2,1.166,0.8,0,0,2024
T.J. Brodie,33,TOR,D,78,1694,1,25,17,52,40,159,41,-0.08,0.74,-0.7,0.439,1.18,0,0,2024
Thomas Chabot,27,OTT,D,51,1175,9,21,-3,118,22,88,44,1.58,-0.87,1.04,1.071,1.88,0,0,2024
Thomas Harley,22,DAL,D,79,1660,15,32,28,144,18,135,67,1.65,0.3,3.32,1.999,5.45,0,0,2024
Timothy Liljegren,24,TOR,D,55,1081,3,20,3,62,16,116,92,0.46,-0.21,-0.37,0.336,0.64,0,0,2024
Tony DeAngelo,28,CAR,D,31,445,3,8,-7,44,24,18,4,0.37,-2.24,-0.22,-1.233,-1.32,0,0,2024
Torey Krug,32,STL,D,77,1691,4,35,-31,162,32,111,64,0.81,-2.46,-0.49,-0.925,-2.46,0,0,2024
Travis Dermott,27,ARI,D,50,864,2,5,-14,38,26,64,52,-0.85,-0.72,-0.48,-1.464,-2.52,0,0,2024
Travis Hamonic,33,OTT,D,48,707,2,4,-10,50,40,75,54,-0.92,-0.18,-0.54,-1.144,-1.89,0,0,2024
Travis Sanheim,27,PHI,D,81,1928,10,34,-20,146,48,149,94,1.22,-1.86,1.03,-0.033,-0.09,0,0,2024
Trevor van Riemsdyk,32,WSH,D,70,1307,0,14,-7,75,18,103,22,-0.75,0.3,-0.75,-0.616,-1.49,0,0,2024
Troy Stecher,29,EDM,D,54,978,1,6,9,51,32,77,67,-1.01,1.07,-0.7,-0.338,-0.63,0,0,2024
Ty Emberson,23,SJS,D,30,556,1,9,-4,31,6,46,94,0.01,1.06,-0.67,0.768,0.79,0,0,2024
Tyler Kleven,22,OTT,D,9,114,0,1,-1,7,2,9,8,-1.19,0.39,-0.75,-1.031,-0.32,0,0,2024
Tyler Myers,33,VAN,D,77,1459,5,24,16,93,77,136,110,0.33,0.26,-0.05,0.531,1.41,0,0,2024
Tyler Tucker,23,STL,D,26,324,1,1,1,17,42,27,64,-1.17,0.98,-0.6,-0.58,-0.52,0,0,2024
Tyson Barrie,32,NSH,D,41,751,1,14,-10,65,16,47,14,0.11,-1.43,-0.71,-0.93,-1.31,0,0,2024
Urho Vaakanainen,25,ANA,D,68,1188,1,13,0,67,26,79,55,-0.65,0.69,-0.71,-0.228,-0.53,0,0,2024
Uvis Balinskis,27,FLA,D,26,367,1,2,0,22,8,15,33,-0.98,-0.22,-0.63,-1.241,-1.11,0,0,2024
Victor Hedman,33,TBL,D,78,1935,13,63,18,168,76,102,65,2.82,-0.31,1.87,2.823,7.59,0,0,2024
Vince Dunn,27,SEA,D,59,1362,11,35,8,120,78,64,39,2.27,-0.63,1.88,1.996,4.06,0,0,2024
Vincent Desharnais,27,EDM,D,78,1227,1,10,3,41,54,122,135,-0.98,0.33,-0.69,-0.841,-2.26,0,0,2024
Vladislav Gavrikov,28,LAK,D,77,1588,6,17,9,114,28,114,55,0.06,0.2,0.07,0.188,0.5,0,0,2024
William Borgen,27,SEA,D,82,1442,3,22,-5,97,65,111,195,-0.1,-0.11,-0.51,-0.203,-0.57,0,0,2024
William Lagesson,27,ANA,D,40,592,0,4,3,19,32,58,76,-1.25,1.18,-0.75,-0.521,-0.72,0,0,2024
Wyatt Kaiser,21,CHI,D,32,554,0,7,0,18,22,46,22,-0.66,1.09,-0.75,0.055,0.06,0,0,2024
Yegor Zamula,23,PHI,D,66,1060,5,16,3,61,32,79,37,0.13,0.07,0.32,0.179,0.41,0,0,2024
Zach Bogosian,33,TBL,D,65,1162,3,11,11,83,63,83,109,-0.46,0.85,-0.47,0.103,0.23,0,0,2024
Zach Werenski,26,CBJ,D,70,1712,11,46,0,202,22,130,23,2.28,-1.01,0.81,1.736,4.19,0,0,2024
Zach Whitecloud,27,VEG,D,61,1073,2,12,-3,51,32,105,129,-0.46,0.07,-0.55,-0.463,-0.97,0,0,2024
Zachary Jones,23,NYR,D,31,453,2,7,1,42,8,23,22,-0.04,-0.01,-0.5,-0.07,-0.07,0,0,2024
Adin Hill,27,VEG,G,35,1969,0,0,0,0,0,0,0,0,0,0,0.479,1.1,890,979,2024
Akira Schmid,23,NJD,G,19,914,0,0,0,0,2,0,0,0,0,0,-0.638,-0.68,409,457,2024
Alex Lyon,31,DET,G,44,2499,0,0,0,0,2,0,0,0,0,0,0.088,0.27,1198,1325,2024
Alex Nedeljkovic,28,PIT,G,38,2060,0,0,0,0,0,0,0,0,0,0,-0.095,-0.23,937,1039,2024
Alexandar Georgiev,27,COL,G,63,3638,0,0,0,0,4,0,0,0,0,0,-0.508,-2.1,1587,1770,2024
Andrei Vasilevskiy,29,TBL,G,52,3063,0,0,0,0,2,0,0,0,0,0,-0.256,-0.88,1329,1477,2024
Anthony Stolarz,30,FLA,G,27,1506,0,0,0,0,2,0,0,0,0,0,1.771,2.83,633,684,2024
Anton Forsberg,31,OTT,G,30,1570,0,0,0,0,2,0,0,0,0,0,-1.015,-1.81,681,765,2024
Antti Raanta,34,CAR,G,24,1265,0,0,0,0,0,0,0,0,0,0,-2.437,-2.81,430,493,2024
Arvid Söderblom,24,CHI,G,32,1744,0,0,0,0,0,0,0,0,0,0,-1.902,-4.19,828,942,2024
Calvin Pickard,31,EDM,G,23,1296,0,0,0,0,2,0,0,0,0,0,0.454,0.62,528,581,2024
Cam Talbot,36,LAK,G,54,3116,0,0,0,0,4,0,0,0,0,0,0.768,2.67,1360,1490,2024
Carter Hart,25,PHI,G,26,1455,0,0,0,0,0,0,0,0,0,0,0.271,0.46,659,727,2024
Casey DeSmith,32,VAN,G,29,1663,0,0,0,0,0,0,0,0,0,0,-0.667,-1.18,679,759,2024
Cayden Primeau,24,MTL,G,23,1325,0,0,0,0,2,0,0,0,0,0,0.528,0.9,665,731,2024
Charlie Lindgren,30,WSH,G,50,2852,0,0,0,0,0,0,0,0,0,0,0.649,2.17,1304,1431,2024
Connor Hellebuyck,30,WPG,G,60,3567,0,0,0,0,2,0,0,0,0,0,1.422,5.97,1656,1798,2024
Connor Ingram,26,ARI,G,50,2803,0,0,0,0,0,0,0,0,0,0,0.307,1.05,1325,1461,2024
Daniel Vladař,26,CGY,G,20,1129,0,0,0,0,0,0,0,0,0,0,-1.7,-2.28,506,574,2024
Daniil Tarasov,24,CBJ,G,24,1376,0,0,0,0,0,0,0,0,0,0,0.416,0.77,723,796,2024
Darcy Kuemper,33,WSH,G,33,1867,0,0,0,0,0,0,0,0,0,0,-0.997,-2.19,837,940,2024
David Rittich,31,LAK,G,24,1365,0,0,0,0,0,0,0,0,0,0,1.428,2.07,572,621,2024
Devon Levi,22,BUF,G,23,1295,0,0,0,0,0,0,0,0,0,0,-0.287,-0.45,599,666,2024
Dustin Wolf,22,CGY,G,17,951,0,0,0,0,0,0,0,0,0,0,-0.799,-0.87,417,467,2024
Elvis Merzļikins,29,CBJ,G,41,2259,0,0,0,0,4,0,0,0,0,0,-0.452,-1.34,1136,1266,2024
Filip Gustavsson,25,MIN,G,45,2527,0,0,0,0,0,0,0,0,0,0,-0.283,-0.85,1154,1283,2024
Frederik Andersen,34,CAR,G,16,913,0,0,0,0,0,0,0,0,0,0,2.267,2.17,382,410,2024
Igor Shesterkin,28,NYR,G,55,3277,0,0,0,0,6,0,0,0,0,0,0.725,2.72,1465,1606,2024
Ilya Samsonov,26,TOR,G,40,2301,0,0,0,0,0,0,0,0,0,0,-1.062,-2.7,967,1087,2024
Ilya Sorokin,28,NYI,G,56,3326,0,0,0,0,0,0,0,0,0,0,0.42,1.79,1655,1822,2024
Jacob Markström,34,CGY,G,48,2831,0,0,0,0,0,0,0,0,0,0,0.156,0.5,1248,1379,2024
Jake Allen,33,NJD,G,34,1987,0,0,0,0,2,0,0,0,0,0,-0.625,-1.59,973,1087,2024
Jake Oettinger,25,DAL,G,54,3085,0,0,0,0,2,0,0,0,0,0,0.167,0.58,1336,1476,2024
James Reimer,35,DET,G,25,1352,0,0,0,0,4,0,0,0,0,0,0.054,0.09,657,727,2024
Jeremy Swayman,25,BOS,G,44,2566,0,0,0,0,0,0,0,0,0,0,1.032,3.1,1179,1287,2024
Jet Greaves,22,CBJ,G,9,516,0,0,0,0,0,0,0,0,0,0,0.413,0.32,297,327,2024
Joel Hofer,23,STL,G,30,1629,0,0,0,0,4,0,0,0,0,0,0.808,1.57,758,830,2024
Joey Daccord,27,SEA,G,50,2833,0,0,0,0,0,0,0,0,0,0,0.991,3.18,1258,1374,2024
John Gibson,30,ANA,G,46,2561,0,0,0,0,12,0,0,0,0,0,-1.223,-3.84,1192,1343,2024
Jonas Johansson,28,TBL,G,26,1477,0,0,0,0,0,0,0,0,0,0,-1.06,-1.86,669,752,2024
Jonathan Quick,38,NYR,G,27,1583,0,0,0,0,8,0,0,0,0,0,0.591,1.06,702,771,2024
Joonas Korpisalo,29,OTT,G,55,3080,0,0,0,0,0,0,0,0,0,0,-1.055,-3.75,1355,1523,2024
Jordan Binnington,30,STL,G,57,3291,0,0,0,0,8,0,0,0,0,0,0.76,3.17,1630,1786,2024
Joseph Woll,25,TOR,G,25,1472,0,0,0,0,0,0,0,0,0,0,0.293,0.53,700,772,2024
Justus Annunen,23,COL,G,14,801,0,0,0,0,0,0,0,0,0,0,1.937,1.87,384,414,2024
Juuse Saros,28,NSH,G,64,3625,0,0,0,0,2,0,0,0,0,0,0.253,1.09,1672,1845,2024
Kaapo Kähkönen,27,NJD,G,37,1914,0,0,0,0,4,0,0,0,0,0,-0.386,-1.03,1023,1139,2024
Karel Vejmelka,27,ARI,G,38,2040,0,0,0,0,2,0,0,0,0,0,-0.61,-1.55,975,1089,2024
Kevin Lankinen,28,NSH,G,24,1191,0,0,0,0,0,0,0,0,0,0,0.408,0.58,554,610,2024
Laurent Brossoit,30,WPG,G,23,1351,0,0,0,0,2,0,0,0,0,0,1.928,2.79,575,620,2024
Linus Ullmark,30,BOS,G,40,2400,0,0,0,0,2,0,0,0,0,0,0.919,2.59,1104,1207,2024
Logan Thompson,26,VEG,G,46,2645,0,0,0,0,0,0,0,0,0,0,0.418,1.27,1179,1298,2024
Lukáš Dostál,23,ANA,G,44,2323,0,0,0,0,8,0,0,0,0,0,-0.119,-0.37,1181,1310,2024
Mackenzie Blackwood,27,SJS,G,44,2437,0,0,0,0,2,0,0,0,0,0,-0.337,-1.09,1243,1383,2024
Magnus Chrona,23,SJS,G,9,471,0,0,0,0,0,0,0,0,0,0,-3.499,-2.14,225,262,2024
Marc-André Fleury,39,MIN,G,40,2233,0,0,0,0,4,0,0,0,0,0,-0.644,-1.59,945,1056,2024
Martin Jones,34,TOR,G,22,1170,0,0,0,0,0,0,0,0,0,0,-0.047,-0.06,518,574,2024
Nico Daws,23,NJD,G,21,1144,0,0,0,0,0,0,0,0,0,0,-0.685,-0.91,508,568,2024
Petr Mrázek,31,CHI,G,56,3153,0,0,0,0,14,0,0,0,0,0,0.329,1.32,1564,1724,2024
Philipp Grubauer,32,SEA,G,36,1997,0,0,0,0,4,0,0,0,0,0,-0.316,-0.69,846,941,2024
Pyotr Kochetkov,24,CAR,G,42,2371,0,0,0,0,8,0,0,0,0,0,0.611,1.47,939,1031,2024
Sam Montembeault,27,MTL,G,41,2429,0,0,0,0,0,0,0,0,0,0,-0.016,-0.05,1180,1307,2024
Samuel Ersson,24,PHI,G,51,2809,0,0,0,0,4,0,0,0,0,0,-1.002,-2.82,1072,1204,2024
Scott Wedgewood,31,DAL,G,32,1789,0,0,0,0,0,0,0,0,0,0,-0.296,-0.58,759,844,2024
Semyon Varlamov,35,NYI,G,28,1595,0,0,0,0,0,0,0,0,0,0,1.148,2.25,768,837,2024
Sergei Bobrovsky,35,FLA,G,58,3414,0,0,0,0,4,0,0,0,0,0,0.928,3.43,1449,1584,2024
Spencer Martin,28,CAR,G,19,1072,0,0,0,0,0,0,0,0,0,0,-1.085,-1.35,474,533,2024
Stuart Skinner,25,EDM,G,59,3361,0,0,0,0,0,0,0,0,0,0,0.183,0.66,1406,1553,2024
Thatcher Demko,28,VAN,G,51,3016,0,0,0,0,0,0,0,0,0,0,1.148,4,1369,1492,2024
Tristan Jarry,28,PIT,G,51,2741,0,0,0,0,4,0,0,0,0,0,-0.015,-0.05,1236,1369,2024
Ukko-Pekka Luukkonen,24,BUF,G,54,3081,0,0,0,0,8,0,0,0,0,0,0.567,1.95,1338,1470,2024
Ville Husso,28,DET,G,19,1013,0,0,0,0,0,0,0,0,0,0,-0.866,-1.12,496,556,2024
Vítek Vaněček,28,NJD,G,32,1792,0,0,0,0,0,0,0,0,0,0,-1.047,-2.11,767,862,2024
